Word,Frequency,Probability
1,14,0.001041046995835812
1.a,1,7.4360499702558e-05
1.b,1,7.4360499702558e-05
1.c,2,0.000148720999405116
1.d,1,7.4360499702558e-05
1.e,2,0.000148720999405116
1.e.1,5,0.00037180249851279
1.e.2,1,7.4360499702558e-05
1.e.3,1,7.4360499702558e-05
1.e.4,1,7.4360499702558e-05
1.e.5,1,7.4360499702558e-05
1.e.6,1,7.4360499702558e-05
1.e.7,3,0.000223081499107674
1.e.8,4,0.000297441998810232
1.e.9,3,0.000223081499107674
1.f,1,7.4360499702558e-05
1.f.1,1,7.4360499702558e-05
1.f.2,1,7.4360499702558e-05
1.f.3,5,0.00037180249851279
1.f.4,1,7.4360499702558e-05
1.f.5,1,7.4360499702558e-05
1.f.6,1,7.4360499702558e-05
100,3,0.000223081499107674
12,3,0.000223081499107674
1500,1,7.4360499702558e-05
1596-1650,1,7.4360499702558e-05
15th,3,0.000223081499107674
1646-1716,1,7.4360499702558e-05
1685-1753,1,7.4360499702558e-05
16th,2,0.000148720999405116
1711-76,1,7.4360499702558e-05
1724-1804,1,7.4360499702558e-05
1770-1831,1,7.4360499702558e-05
1912,1,7.4360499702558e-05
2,10,0.00074360499702558
20,1,7.4360499702558e-05
2001,1,7.4360499702558e-05
2004,1,7.4360499702558e-05
2019,1,7.4360499702558e-05
3,6,0.000446162998215348
30,1,7.4360499702558e-05
4,3,0.000223081499107674
5,4,0.000297441998810232
"5,000",1,7.4360499702558e-05
50,1,7.4360499702558e-05
501(c)(3,1,7.4360499702558e-05
5827,1,7.4360499702558e-05
596-1887,1,7.4360499702558e-05
60,1,7.4360499702558e-05
64-6221541,1,7.4360499702558e-05
7,2,0.000148720999405116
801,1,7.4360499702558e-05
809,1,7.4360499702558e-05
84116,1,7.4360499702558e-05
90,2,0.000148720999405116
abandon,2,0.000148720999405116
abide,1,7.4360499702558e-05
absence,2,0.000148720999405116
absent,3,0.000223081499107674
absolute,15,0.00111540749553837
absolutely,4,0.000297441998810232
abstain,1,7.4360499702558e-05
abstract,10,0.00074360499702558
abstracted,1,7.4360499702558e-05
abstraction,4,0.000297441998810232
abstractions,1,7.4360499702558e-05
abstractly,1,7.4360499702558e-05
absurd,5,0.00037180249851279
absurdities,1,7.4360499702558e-05
absurdity,3,0.000223081499107674
accept,3,0.000223081499107674
acceptance,1,7.4360499702558e-05
accepted,4,0.000297441998810232
accepting,4,0.000297441998810232
accepts,1,7.4360499702558e-05
access,10,0.00074360499702558
accessed,1,7.4360499702558e-05
accessible,1,7.4360499702558e-05
accident,1,7.4360499702558e-05
accidental,1,7.4360499702558e-05
accidents,1,7.4360499702558e-05
accompanied,1,7.4360499702558e-05
accord,1,7.4360499702558e-05
account,18,0.001338488994646044
accounted,4,0.000297441998810232
accounting,1,7.4360499702558e-05
accurate,1,7.4360499702558e-05
accusative,1,7.4360499702558e-05
accustomed,2,0.000148720999405116
achieve,1,7.4360499702558e-05
achieved,4,0.000297441998810232
achieves,1,7.4360499702558e-05
acquaintance,83,0.006171921475312314
acquainted,70,0.00520523497917906
acquainted--usually,1,7.4360499702558e-05
acquiesce,1,7.4360499702558e-05
acquiescence,1,7.4360499702558e-05
acquire,5,0.00037180249851279
acquired,2,0.000148720999405116
acquiring,2,0.000148720999405116
acquisition,1,7.4360499702558e-05
action,4,0.000297441998810232
actions,2,0.000148720999405116
active,2,0.000148720999405116
activity,1,7.4360499702558e-05
acts,4,0.000297441998810232
actual,28,0.002082093991671624
acute,1,7.4360499702558e-05
adapts,1,7.4360499702558e-05
adding,1,7.4360499702558e-05
addition,8,0.000594883997620464
additional,3,0.000223081499107674
additions,2,0.000148720999405116
address,1,7.4360499702558e-05
addresses,1,7.4360499702558e-05
adduced,1,7.4360499702558e-05
adequacy,1,7.4360499702558e-05
adequate,2,0.000148720999405116
adequately,1,7.4360499702558e-05
adjectives,5,0.00037180249851279
admirable,1,7.4360499702558e-05
admission,2,0.000148720999405116
admit,13,0.000966686496133254
admit--though,1,7.4360499702558e-05
admits,2,0.000148720999405116
admitted,5,0.00037180249851279
admitted--that,1,7.4360499702558e-05
admitting,1,7.4360499702558e-05
admixture,1,7.4360499702558e-05
adopt,6,0.000446162998215348
advance,4,0.000297441998810232
advanced,3,0.000223081499107674
advances,1,7.4360499702558e-05
adversaries,1,7.4360499702558e-05
advocate,1,7.4360499702558e-05
advocated,6,0.000446162998215348
advocates,1,7.4360499702558e-05
advocating,1,7.4360499702558e-05
aeroplanes,2,0.000148720999405116
aesthetic,1,7.4360499702558e-05
aether,1,7.4360499702558e-05
affairs,1,7.4360499702558e-05
affections,1,7.4360499702558e-05
affirm,2,0.000148720999405116
affirmative,1,7.4360499702558e-05
affirmed,2,0.000148720999405116
afford,3,0.000223081499107674
afforded,1,7.4360499702558e-05
affords,2,0.000148720999405116
age,4,0.000297441998810232
agent,1,7.4360499702558e-05
agree,12,0.000892325996430696
agreeably,1,7.4360499702558e-05
agreed,4,0.000297441998810232
agreed--the,1,7.4360499702558e-05
agreement,19,0.001412849494348602
aim,1,7.4360499702558e-05
aimed,1,7.4360499702558e-05
aims,3,0.000223081499107674
air,5,0.00037180249851279
akin,1,7.4360499702558e-05
alien,1,7.4360499702558e-05
alive,2,0.000148720999405116
all-embracing,1,7.4360499702558e-05
all-important,1,7.4360499702558e-05
all-round,1,7.4360499702558e-05
allowed,1,7.4360499702558e-05
allowing,1,7.4360499702558e-05
alter,2,0.000148720999405116
alteration,1,7.4360499702558e-05
altered,1,7.4360499702558e-05
alternate,1,7.4360499702558e-05
alternatives,1,7.4360499702558e-05
alters,1,7.4360499702558e-05
altogether,5,0.00037180249851279
ambiguity,3,0.000223081499107674
ambiguous,6,0.000446162998215348
ambitious,1,7.4360499702558e-05
amend,1,7.4360499702558e-05
amply,1,7.4360499702558e-05
analogous,1,7.4360499702558e-05
analyse,1,7.4360499702558e-05
analyses,1,7.4360499702558e-05
analysing,2,0.000148720999405116
analysis,8,0.000594883997620464
analytic,6,0.000446162998215348
anatomist,1,7.4360499702558e-05
angles,3,0.000223081499107674
animal,1,7.4360499702558e-05
animals,6,0.000446162998215348
announcement,1,7.4360499702558e-05
announces,2,0.000148720999405116
answer,28,0.002082093991671624
answered,2,0.000148720999405116
answering,3,0.000223081499107674
answers,11,0.000817965496728138
anticipate,1,7.4360499702558e-05
anticipating,1,7.4360499702558e-05
anticipation,1,7.4360499702558e-05
antithesis,3,0.000223081499107674
anxious,2,0.000148720999405116
anybody's,1,7.4360499702558e-05
apparent,14,0.001041046995835812
appeal,4,0.000297441998810232
appealing,2,0.000148720999405116
appearance,15,0.00111540749553837
appearances,1,7.4360499702558e-05
appeared,5,0.00037180249851279
appearing,1,7.4360499702558e-05
appears,17,0.001264128494943486
appetite,1,7.4360499702558e-05
applicable,12,0.000892325996430696
application,1,7.4360499702558e-05
applications,3,0.000223081499107674
applied,1,7.4360499702558e-05
applies,17,0.001264128494943486
apply,9,0.000669244497323022
applying,2,0.000148720999405116
apportions,1,7.4360499702558e-05
apprehend,3,0.000223081499107674
apprehended,9,0.000669244497323022
apprehended--must,1,7.4360499702558e-05
apprehending,2,0.000148720999405116
apprehends,1,7.4360499702558e-05
apprehension,3,0.000223081499107674
approach,5,0.00037180249851279
approaches,1,7.4360499702558e-05
approaching,1,7.4360499702558e-05
apt,5,0.00037180249851279
archive,13,0.000966686496133254
arduous,1,7.4360499702558e-05
argue,5,0.00037180249851279
argued,1,7.4360499702558e-05
argued--correctly,1,7.4360499702558e-05
argues,1,7.4360499702558e-05
arguing,1,7.4360499702558e-05
argument,26,0.001933372992266508
arguments,16,0.001189767995240928
arises,4,0.000297441998810232
arithmetic,11,0.000817965496728138
arithmetical,3,0.000223081499107674
arm,3,0.000223081499107674
arose,1,7.4360499702558e-05
arrange,1,7.4360499702558e-05
arranged,2,0.000148720999405116
arrangement,3,0.000223081499107674
array,1,7.4360499702558e-05
arrive,7,0.000520523497917906
arrived,1,7.4360499702558e-05
arriving,1,7.4360499702558e-05
arrogant,1,7.4360499702558e-05
artificial,1,7.4360499702558e-05
ascertain,2,0.000148720999405116
ascertainable,2,0.000148720999405116
ascertained,1,7.4360499702558e-05
ascii”,2,0.000148720999405116
aspect,2,0.000148720999405116
assassinated,1,7.4360499702558e-05
assent,2,0.000148720999405116
assented,1,7.4360499702558e-05
assert,7,0.000520523497917906
asserted,2,0.000148720999405116
asserting,3,0.000223081499107674
assertion,3,0.000223081499107674
asserts,7,0.000520523497917906
assigns,1,7.4360499702558e-05
assimilate,1,7.4360499702558e-05
assist,1,7.4360499702558e-05
assistance,3,0.000223081499107674
associate,2,0.000148720999405116
association,10,0.00074360499702558
associations,2,0.000148720999405116
assume,10,0.00074360499702558
assumed,4,0.000297441998810232
assumes,3,0.000223081499107674
assuming,6,0.000446162998215348
assumption,2,0.000148720999405116
assumptions,1,7.4360499702558e-05
assurance,1,7.4360499702558e-05
assure,1,7.4360499702558e-05
assured,1,7.4360499702558e-05
astray,1,7.4360499702558e-05
astronomy,2,0.000148720999405116
astute,4,0.000297441998810232
ate,1,7.4360499702558e-05
atheists,1,7.4360499702558e-05
atoms,1,7.4360499702558e-05
attach,2,0.000148720999405116
attached,1,7.4360499702558e-05
attack,1,7.4360499702558e-05
attain,1,7.4360499702558e-05
attainable,1,7.4360499702558e-05
attained,2,0.000148720999405116
attained--many,1,7.4360499702558e-05
attempt,16,0.001189767995240928
attempted,2,0.000148720999405116
attempts,4,0.000297441998810232
attendant,2,0.000148720999405116
attention,5,0.00037180249851279
attested,1,7.4360499702558e-05
attitude,1,7.4360499702558e-05
attributing,1,7.4360499702558e-05
author,1,7.4360499702558e-05
avoid,5,0.00037180249851279
avoided,1,7.4360499702558e-05
avoiding,1,7.4360499702558e-05
aware,23,0.001710291493158834
aware--say,1,7.4360499702558e-05
awareness,3,0.000223081499107674
away—you,1,7.4360499702558e-05
axioms,3,0.000223081499107674
babies,1,7.4360499702558e-05
bad,2,0.000148720999405116
bad--it,1,7.4360499702558e-05
bald,3,0.000223081499107674
baldness,1,7.4360499702558e-05
balfour,2,0.000148720999405116
balloons,2,0.000148720999405116
banging,1,7.4360499702558e-05
bannerman,1,7.4360499702558e-05
bar,1,7.4360499702558e-05
bare,2,0.000148720999405116
barrier,1,7.4360499702558e-05
based,14,0.001041046995835812
basis,8,0.000594883997620464
battle,3,0.000223081499107674
be--at,1,7.4360499702558e-05
be--is,1,7.4360499702558e-05
be--something,1,7.4360499702558e-05
bear,2,0.000148720999405116
bearing,2,0.000148720999405116
bed,1,7.4360499702558e-05
beech,10,0.00074360499702558
beg,1,7.4360499702558e-05
begging,1,7.4360499702558e-05
beginner,1,7.4360499702558e-05
begs,1,7.4360499702558e-05
begun,1,7.4360499702558e-05
behave,1,7.4360499702558e-05
behaviour,1,7.4360499702558e-05
being--as,1,7.4360499702558e-05
beleagured,1,7.4360499702558e-05
belief,100,0.0074360499702558
beliefs,48,0.003569303985722784
beliefs--for,1,7.4360499702558e-05
beliefs--such,1,7.4360499702558e-05
believed,13,0.000966686496133254
believes,17,0.001264128494943486
believes--to,1,7.4360499702558e-05
believing,24,0.001784651992861392
bell,1,7.4360499702558e-05
bells,2,0.000148720999405116
belong,3,0.000223081499107674
belongs,9,0.000669244497323022
berkeley,21,0.001561570493753718
berkeley's,5,0.00037180249851279
bertrand,3,0.000223081499107674
bewildering,1,7.4360499702558e-05
bibliographical,1,7.4360499702558e-05
bid,1,7.4360499702558e-05
bigger,1,7.4360499702558e-05
binary,1,7.4360499702558e-05
binds,1,7.4360499702558e-05
bishop,2,0.000148720999405116
bismarck,15,0.00111540749553837
bismarck's,1,7.4360499702558e-05
black,2,0.000148720999405116
blank,1,7.4360499702558e-05
blind,12,0.000892325996430696
blue,7,0.000520523497917906
blue-green,1,7.4360499702558e-05
bodies,8,0.000594883997620464
body,25,0.00185901249256395
bolder,1,7.4360499702558e-05
bone,1,7.4360499702558e-05
books,4,0.000297441998810232
bored,1,7.4360499702558e-05
born,4,0.000297441998810232
borne,1,7.4360499702558e-05
bought,2,0.000148720999405116
bound,3,0.000223081499107674
boundaries,2,0.000148720999405116
bounds,1,7.4360499702558e-05
bradley,1,7.4360499702558e-05
brain,2,0.000148720999405116
breach,2,0.000148720999405116
bread,2,0.000148720999405116
breakfast,3,0.000223081499107674
brick,1,7.4360499702558e-05
briefest,1,7.4360499702558e-05
brighter,1,7.4360499702558e-05
brightness,1,7.4360499702558e-05
bring,3,0.000223081499107674
brings,2,0.000148720999405116
british,1,7.4360499702558e-05
broadly,4,0.000297441998810232
broken,1,7.4360499702558e-05
brotherhood,1,7.4360499702558e-05
brought,4,0.000297441998810232
brown,13,0.000966686496133254
build,1,7.4360499702558e-05
builder,1,7.4360499702558e-05
buildings,1,7.4360499702558e-05
built,2,0.000148720999405116
business,6,0.000446162998215348
caesar,6,0.000446162998215348
calculate,1,7.4360499702558e-05
calculated,1,7.4360499702558e-05
called,49,0.003643664485425342
calling,2,0.000148720999405116
calls,5,0.00037180249851279
calm,1,7.4360499702558e-05
calmly,2,0.000148720999405116
campbell,1,7.4360499702558e-05
camps--friends,1,7.4360499702558e-05
candid,1,7.4360499702558e-05
candidate,7,0.000520523497917906
candidates,2,0.000148720999405116
cantor,1,7.4360499702558e-05
capable,16,0.001189767995240928
card,1,7.4360499702558e-05
care,6,0.000446162998215348
careful,1,7.4360499702558e-05
carefully,2,0.000148720999405116
carelessly,1,7.4360499702558e-05
carry,1,7.4360499702558e-05
cassio,28,0.002082093991671624
cat,5,0.00037180249851279
catalogue,1,7.4360499702558e-05
catalogued,1,7.4360499702558e-05
catching,1,7.4360499702558e-05
categories,1,7.4360499702558e-05
causality,2,0.000148720999405116
caused,5,0.00037180249851279
causing,2,0.000148720999405116
cease,4,0.000297441998810232
ceased,4,0.000297441998810232
ceases,5,0.00037180249851279
cement,3,0.000223081499107674
centuries,1,7.4360499702558e-05
century,1,7.4360499702558e-05
certainty,32,0.002379535990481856
chair,2,0.000148720999405116
chairs,2,0.000148720999405116
challenged,2,0.000148720999405116
chance,1,7.4360499702558e-05
chancellor,4,0.000297441998810232
change,5,0.00037180249851279
changeable,1,7.4360499702558e-05
changed,1,7.4360499702558e-05
changing,2,0.000148720999405116
chapter,47,0.003494943486020226
chapters,5,0.00037180249851279
character,5,0.00037180249851279
characteristic,6,0.000446162998215348
characteristics,9,0.000669244497323022
characters,2,0.000148720999405116
charge,6,0.000446162998215348
charges,2,0.000148720999405116
charitable,1,7.4360499702558e-05
charities,1,7.4360499702558e-05
charles,5,0.00037180249851279
check,4,0.000297441998810232
checks,1,7.4360499702558e-05
chicken,4,0.000297441998810232
chief,6,0.000446162998215348
chiefly,2,0.000148720999405116
child,1,7.4360499702558e-05
chimaera,1,7.4360499702558e-05
chime,3,0.000223081499107674
china,2,0.000148720999405116
choice,1,7.4360499702558e-05
choose,3,0.000223081499107674
chosen,1,7.4360499702558e-05
circle,4,0.000297441998810232
circular,4,0.000297441998810232
circumstances,6,0.000446162998215348
citizens,1,7.4360499702558e-05
citizenship,1,7.4360499702558e-05
city,2,0.000148720999405116
claim,5,0.00037180249851279
clash,1,7.4360499702558e-05
clashes,1,7.4360499702558e-05
class,5,0.00037180249851279
clean,1,7.4360499702558e-05
clearer,2,0.000148720999405116
clock,1,7.4360499702558e-05
close,2,0.000148720999405116
closed,1,7.4360499702558e-05
closely,2,0.000148720999405116
closer,1,7.4360499702558e-05
closes,1,7.4360499702558e-05
cloth,3,0.000223081499107674
clouds,1,7.4360499702558e-05
co-operation,1,7.4360499702558e-05
coalesce,1,7.4360499702558e-05
codes,1,7.4360499702558e-05
coexistence,3,0.000223081499107674
cogito,1,7.4360499702558e-05
cohere,1,7.4360499702558e-05
coherence,10,0.00074360499702558
coherent,8,0.000594883997620464
coin,1,7.4360499702558e-05
coins,1,7.4360499702558e-05
collection,14,0.001041046995835812
collections,3,0.000223081499107674
collective,1,7.4360499702558e-05
colony,1,7.4360499702558e-05
colour,56,0.004164187983343248
colour-blind,1,7.4360499702558e-05
colours,12,0.000892325996430696
combination,1,7.4360499702558e-05
combine,1,7.4360499702558e-05
combined,2,0.000148720999405116
coming,1,7.4360499702558e-05
commentators,2,0.000148720999405116
commercial,1,7.4360499702558e-05
commit,1,7.4360499702558e-05
committed,2,0.000148720999405116
common,34,0.002528256989886972
common-sense,2,0.000148720999405116
commonest,2,0.000148720999405116
commonly,10,0.00074360499702558
communicate,1,7.4360499702558e-05
community,1,7.4360499702558e-05
comparative,1,7.4360499702558e-05
compare,1,7.4360499702558e-05
compared,1,7.4360499702558e-05
comparing,1,7.4360499702558e-05
comparison,3,0.000223081499107674
compelled,5,0.00037180249851279
competent,1,7.4360499702558e-05
compilation,1,7.4360499702558e-05
complement,1,7.4360499702558e-05
complete,6,0.000446162998215348
completed,1,7.4360499702558e-05
completely,10,0.00074360499702558
complex,33,0.002453896490184414
compliance,5,0.00037180249851279
complicated,3,0.000223081499107674
comply,6,0.000446162998215348
complying,3,0.000223081499107674
composed,6,0.000446162998215348
compressed,1,7.4360499702558e-05
computers,2,0.000148720999405116
conceded,2,0.000148720999405116
conceivable,1,7.4360499702558e-05
conceivably,1,7.4360499702558e-05
conceiving,1,7.4360499702558e-05
concentrate,1,7.4360499702558e-05
concept,3,0.000223081499107674
conception,5,0.00037180249851279
concepts,2,0.000148720999405116
concern,4,0.000297441998810232
concerned,16,0.001189767995240928
concerns,3,0.000223081499107674
concluded,1,7.4360499702558e-05
conclusion,17,0.001264128494943486
conclusions,2,0.000148720999405116
concourse,1,7.4360499702558e-05
concrete,3,0.000223081499107674
condemns,1,7.4360499702558e-05
condition,2,0.000148720999405116
conditions,4,0.000297441998810232
conduct,1,7.4360499702558e-05
confess,1,7.4360499702558e-05
confidence,3,0.000223081499107674
confident,2,0.000148720999405116
confine,1,7.4360499702558e-05
confined,6,0.000446162998215348
confining,1,7.4360499702558e-05
confirm,2,0.000148720999405116
confirmation,1,7.4360499702558e-05
confirmed,1,7.4360499702558e-05
confirms,1,7.4360499702558e-05
conflict,1,7.4360499702558e-05
conform,3,0.000223081499107674
conformity,1,7.4360499702558e-05
confused,1,7.4360499702558e-05
confusing,1,7.4360499702558e-05
confusion,8,0.000594883997620464
confusions,1,7.4360499702558e-05
confute,1,7.4360499702558e-05
conjecture,1,7.4360499702558e-05
connaître,1,7.4360499702558e-05
connected,12,0.000892325996430696
connecting,1,7.4360499702558e-05
connects,1,7.4360499702558e-05
connexion,19,0.001412849494348602
connexions,3,0.000223081499107674
conscious,3,0.000223081499107674
consciously,2,0.000148720999405116
consciousness,5,0.00037180249851279
consent,1,7.4360499702558e-05
consequences,1,7.4360499702558e-05
consequential,1,7.4360499702558e-05
considerable,3,0.000223081499107674
consideration,7,0.000520523497917906
considerations,2,0.000148720999405116
considered,14,0.001041046995835812
considers,2,0.000148720999405116
consist,4,0.000297441998810232
consisted,1,7.4360499702558e-05
consisting,3,0.000223081499107674
consists,21,0.001561570493753718
constant,5,0.00037180249851279
constantly,6,0.000446162998215348
constituency,4,0.000297441998810232
constituent,4,0.000297441998810232
constituents,10,0.00074360499702558
constitute,6,0.000446162998215348
constituted,6,0.000446162998215348
constitutes,5,0.00037180249851279
constituting,1,7.4360499702558e-05
constitution,2,0.000148720999405116
construct,1,7.4360499702558e-05
constructed,1,7.4360499702558e-05
constructing,1,7.4360499702558e-05
constructions,1,7.4360499702558e-05
constructive,1,7.4360499702558e-05
contact,6,0.000446162998215348
contained,2,0.000148720999405116
contemplated,1,7.4360499702558e-05
contemplates,3,0.000223081499107674
contemplating,1,7.4360499702558e-05
contemplation,13,0.000966686496133254
contemplative,1,7.4360499702558e-05
contemptuously,1,7.4360499702558e-05
contended,1,7.4360499702558e-05
content,2,0.000148720999405116
contention,1,7.4360499702558e-05
contentions,1,7.4360499702558e-05
contents,3,0.000223081499107674
context,2,0.000148720999405116
continental,1,7.4360499702558e-05
continual,2,0.000148720999405116
continue,6,0.000446162998215348
continued,1,7.4360499702558e-05
continues,6,0.000446162998215348
continuing,1,7.4360499702558e-05
continuous,1,7.4360499702558e-05
continuously,1,7.4360499702558e-05
contract,1,7.4360499702558e-05
contradict,1,7.4360499702558e-05
contradiction,20,0.00148720999405116
contradictions,5,0.00037180249851279
contradictory,1,7.4360499702558e-05
contrary,14,0.001041046995835812
contrast,1,7.4360499702558e-05
contributed,1,7.4360499702558e-05
contribution,1,7.4360499702558e-05
contributions,2,0.000148720999405116
control,2,0.000148720999405116
controversies,2,0.000148720999405116
controversy,2,0.000148720999405116
convenient,1,7.4360499702558e-05
converged,1,7.4360499702558e-05
conversation,1,7.4360499702558e-05
conversely,2,0.000148720999405116
convert,1,7.4360499702558e-05
convey,2,0.000148720999405116
convictions,3,0.000223081499107674
convinced,2,0.000148720999405116
convincing,1,7.4360499702558e-05
cool,1,7.4360499702558e-05
copied,2,0.000148720999405116
copies,7,0.000520523497917906
copying,4,0.000297441998810232
copyright,19,0.001412849494348602
corporation,1,7.4360499702558e-05
correct,4,0.000297441998810232
correctly,1,7.4360499702558e-05
correlative,1,7.4360499702558e-05
correspond,8,0.000594883997620464
corresponded,1,7.4360499702558e-05
correspondence,12,0.000892325996430696
corresponds,6,0.000446162998215348
corrupt,1,7.4360499702558e-05
cost,3,0.000223081499107674
costs,2,0.000148720999405116
counterparts,1,7.4360499702558e-05
countless,1,7.4360499702558e-05
countries,1,7.4360499702558e-05
country,4,0.000297441998810232
couple,3,0.000223081499107674
couples,8,0.000594883997620464
cranny,1,7.4360499702558e-05
create,4,0.000297441998810232
created,4,0.000297441998810232
creates,1,7.4360499702558e-05
creating,4,0.000297441998810232
creation,1,7.4360499702558e-05
credit,2,0.000148720999405116
criterion,2,0.000148720999405116
critical,6,0.000446162998215348
critically,2,0.000148720999405116
criticism,9,0.000669244497323022
criticisms,1,7.4360499702558e-05
criticized,1,7.4360499702558e-05
crude,4,0.000297441998810232
crudely,1,7.4360499702558e-05
current,1,7.4360499702558e-05
custom,1,7.4360499702558e-05
customary,1,7.4360499702558e-05
cut,2,0.000148720999405116
cutting,1,7.4360499702558e-05
daily,8,0.000594883997620464
damage,2,0.000148720999405116
damaged,1,7.4360499702558e-05
damages,4,0.000297441998810232
danger,1,7.4360499702558e-05
dark,3,0.000223081499107674
data,17,0.001264128494943486
data--if,1,7.4360499702558e-05
dates,1,7.4360499702558e-05
datum,5,0.00037180249851279
day,5,0.00037180249851279
days,5,0.00037180249851279
dead,2,0.000148720999405116
deal,6,0.000446162998215348
dealing,7,0.000520523497917906
deals,3,0.000223081499107674
dealt,6,0.000446162998215348
death,2,0.000148720999405116
debate,1,7.4360499702558e-05
debated,1,7.4360499702558e-05
deceitful,1,7.4360499702558e-05
deceive,1,7.4360499702558e-05
december,1,7.4360499702558e-05
deceptive,1,7.4360499702558e-05
decide,3,0.000223081499107674
decided,3,0.000223081499107674
decides,1,7.4360499702558e-05
deciding,1,7.4360499702558e-05
decision,1,7.4360499702558e-05
declared,1,7.4360499702558e-05
deduce,5,0.00037180249851279
deduced,18,0.001338488994646044
deducible,2,0.000148720999405116
deducing,1,7.4360499702558e-05
deductible,1,7.4360499702558e-05
deduction,6,0.000446162998215348
deductions,3,0.000223081499107674
deeds,1,7.4360499702558e-05
deeply,1,7.4360499702558e-05
defeated,1,7.4360499702558e-05
defect,4,0.000297441998810232
defective,3,0.000223081499107674
defensible,1,7.4360499702558e-05
define,2,0.000148720999405116
defined,1,7.4360499702558e-05
definite,19,0.001412849494348602
definiteness,1,7.4360499702558e-05
definition,18,0.001338488994646044
definitions,1,7.4360499702558e-05
degree,21,0.001561570493753718
degrees,8,0.000594883997620464
deletions,1,7.4360499702558e-05
deliberate,1,7.4360499702558e-05
delightful,1,7.4360499702558e-05
delusion,1,7.4360499702558e-05
demand,4,0.000297441998810232
demanding,1,7.4360499702558e-05
demands,3,0.000223081499107674
demon,3,0.000223081499107674
demonstrably,1,7.4360499702558e-05
demonstration,2,0.000148720999405116
demonstrations,2,0.000148720999405116
demonstrative,1,7.4360499702558e-05
demonstratively,1,7.4360499702558e-05
denial,3,0.000223081499107674
denied,5,0.00037180249851279
denies,1,7.4360499702558e-05
denotes,4,0.000297441998810232
dentist,1,7.4360499702558e-05
deny,12,0.000892325996430696
depend,13,0.000966686496133254
dependence,1,7.4360499702558e-05
dependent,9,0.000669244497323022
depending,1,7.4360499702558e-05
depends,12,0.000892325996430696
derivative,17,0.001264128494943486
derive,7,0.000520523497917906
derived,17,0.001264128494943486
descartes,6,0.000446162998215348
descend,1,7.4360499702558e-05
describes,1,7.4360499702558e-05
describing,1,7.4360499702558e-05
description,48,0.003569303985722784
descriptions,9,0.000669244497323022
descriptive,1,7.4360499702558e-05
desdemona,25,0.00185901249256395
desdemona's,7,0.000520523497917906
desert--it,1,7.4360499702558e-05
deserts,1,7.4360499702558e-05
deserves,1,7.4360499702558e-05
deserving,1,7.4360499702558e-05
designate,1,7.4360499702558e-05
desirability,1,7.4360499702558e-05
desirable,1,7.4360499702558e-05
desire,10,0.00074360499702558
desires,5,0.00037180249851279
desiring,1,7.4360499702558e-05
desirous,1,7.4360499702558e-05
destroy,2,0.000148720999405116
destroyed,1,7.4360499702558e-05
destroys,1,7.4360499702558e-05
destructive,1,7.4360499702558e-05
detach,1,7.4360499702558e-05
determine,3,0.000223081499107674
determined,3,0.000223081499107674
determines,1,7.4360499702558e-05
develop,2,0.000148720999405116
development,1,7.4360499702558e-05
developments,1,7.4360499702558e-05
dialogues,2,0.000148720999405116
diary,1,7.4360499702558e-05
dictionary,1,7.4360499702558e-05
die,1,7.4360499702558e-05
died,4,0.000297441998810232
difference,11,0.000817965496728138
differences,2,0.000148720999405116
different--something,1,7.4360499702558e-05
differing,2,0.000148720999405116
differing--some,1,7.4360499702558e-05
differs,2,0.000148720999405116
difficult,23,0.001710291493158834
difficulties,7,0.000520523497917906
difficulty,14,0.001041046995835812
diminish,1,7.4360499702558e-05
diminished,1,7.4360499702558e-05
diminishes,1,7.4360499702558e-05
diminishing,2,0.000148720999405116
dined,1,7.4360499702558e-05
dinner-table,1,7.4360499702558e-05
diplomatist,4,0.000297441998810232
direct,9,0.000669244497323022
direction,6,0.000446162998215348
directions,1,7.4360499702558e-05
directs,1,7.4360499702558e-05
disappear,1,7.4360499702558e-05
disappoint,1,7.4360499702558e-05
disappointing,1,7.4360499702558e-05
disclaim,1,7.4360499702558e-05
disclaimer,3,0.000223081499107674
disclaimers,1,7.4360499702558e-05
discontinue,1,7.4360499702558e-05
discover,5,0.00037180249851279
discoverable,4,0.000297441998810232
discovered,7,0.000520523497917906
discovering,5,0.00037180249851279
discovery,2,0.000148720999405116
discuss,1,7.4360499702558e-05
discussed,2,0.000148720999405116
discussing,4,0.000297441998810232
discussion,4,0.000297441998810232
discussions,2,0.000148720999405116
disease,1,7.4360499702558e-05
disengaged,1,7.4360499702558e-05
disentangle,2,0.000148720999405116
disk,1,7.4360499702558e-05
dismiss,1,7.4360499702558e-05
dismissed,2,0.000148720999405116
dispassionately,1,7.4360499702558e-05
display,1,7.4360499702558e-05
displayed,1,7.4360499702558e-05
displaying,4,0.000297441998810232
disproved,4,0.000297441998810232
disputable,1,7.4360499702558e-05
disputants,1,7.4360499702558e-05
dissociated,1,7.4360499702558e-05
distance,3,0.000223081499107674
distances,5,0.00037180249851279
distinct,3,0.000223081499107674
distinction,7,0.000520523497917906
distinctions,2,0.000148720999405116
distinctive,2,0.000148720999405116
distinctly,1,7.4360499702558e-05
distinguish,7,0.000520523497917906
distinguished,4,0.000297441998810232
distinguishes,1,7.4360499702558e-05
distinguishing,3,0.000223081499107674
distort,1,7.4360499702558e-05
distorts,1,7.4360499702558e-05
distribute,6,0.000446162998215348
distributed,4,0.000297441998810232
distributing,7,0.000520523497917906
distribution,8,0.000594883997620464
distributor,1,7.4360499702558e-05
disturbance,3,0.000223081499107674
diverge,1,7.4360499702558e-05
diversity,1,7.4360499702558e-05
divest,1,7.4360499702558e-05
divide,1,7.4360499702558e-05
divided,1,7.4360499702558e-05
divisibility--philosophers,1,7.4360499702558e-05
divisible,2,0.000148720999405116
doctrine,4,0.000297441998810232
doctrines,2,0.000148720999405116
dogmas,1,7.4360499702558e-05
dogmatic,1,7.4360499702558e-05
dogmatically,2,0.000148720999405116
dogmatism,1,7.4360499702558e-05
domain,2,0.000148720999405116
domestic,2,0.000148720999405116
dominion,1,7.4360499702558e-05
donate,3,0.000223081499107674
donation,1,7.4360499702558e-05
donations,15,0.00111540749553837
donors,1,7.4360499702558e-05
door,2,0.000148720999405116
doubt,39,0.002900059488399762
doubted,5,0.00037180249851279
doubting,5,0.00037180249851279
doubtless,1,7.4360499702558e-05
doubts,2,0.000148720999405116
downloading,1,7.4360499702558e-05
draw,9,0.000669244497323022
drawing,2,0.000148720999405116
drawn,1,7.4360499702558e-05
dream,8,0.000594883997620464
dream-table,1,7.4360499702558e-05
dreams,11,0.000817965496728138
dreams--that,1,7.4360499702558e-05
dried,1,7.4360499702558e-05
drifted,1,7.4360499702558e-05
drive,1,7.4360499702558e-05
driven,5,0.00037180249851279
drives,1,7.4360499702558e-05
dualism,2,0.000148720999405116
duly,1,7.4360499702558e-05
duration,2,0.000148720999405116
dwell,3,0.000223081499107674
dying,3,0.000223081499107674
e-mail,1,7.4360499702558e-05
e.g,3,0.000223081499107674
earlier,4,0.000297441998810232
earth,7,0.000520523497917906
earth's,2,0.000148720999405116
earwig,3,0.000223081499107674
easier,2,0.000148720999405116
easiest,1,7.4360499702558e-05
easily,7,0.000520523497917906
east,1,7.4360499702558e-05
easy,7,0.000520523497917906
eat,2,0.000148720999405116
ebook,13,0.000966686496133254
ebooks,7,0.000520523497917906
eclipse,1,7.4360499702558e-05
edinburgh,9,0.000669244497323022
edition,1,7.4360499702558e-05
editions,4,0.000297441998810232
educated,1,7.4360499702558e-05
educational,1,7.4360499702558e-05
effected,1,7.4360499702558e-05
effects,2,0.000148720999405116
effort,4,0.000297441998810232
efforts,3,0.000223081499107674
ein,1,7.4360499702558e-05
elapse,1,7.4360499702558e-05
elapsed,1,7.4360499702558e-05
elect,1,7.4360499702558e-05
elected,1,7.4360499702558e-05
electric,1,7.4360499702558e-05
electronic,27,0.002007733491969066
electronically,2,0.000148720999405116
element,3,0.000223081499107674
elementary,1,7.4360499702558e-05
elements,1,7.4360499702558e-05
elicited,4,0.000297441998810232
else--something,1,7.4360499702558e-05
elucidation,1,7.4360499702558e-05
email,2,0.000148720999405116
embark,1,7.4360499702558e-05
emerged,1,7.4360499702558e-05
emerges,1,7.4360499702558e-05
emitted,1,7.4360499702558e-05
emitting,1,7.4360499702558e-05
emotion,2,0.000148720999405116
emperor,2,0.000148720999405116
emphasized,1,7.4360499702558e-05
emphatically,1,7.4360499702558e-05
empire,5,0.00037180249851279
empirical,15,0.00111540749553837
empiricists,7,0.000520523497917906
empiricists--who,1,7.4360499702558e-05
employ,2,0.000148720999405116
employed,4,0.000297441998810232
employee,1,7.4360499702558e-05
employees,1,7.4360499702558e-05
employs,1,7.4360499702558e-05
enable,5,0.00037180249851279
enables,6,0.000446162998215348
enabling,2,0.000148720999405116
endeavour,3,0.000223081499107674
endeavoured,2,0.000148720999405116
enemy,2,0.000148720999405116
engagement,1,7.4360499702558e-05
engendered,1,7.4360499702558e-05
england,1,7.4360499702558e-05
english,1,7.4360499702558e-05
enlarge,3,0.000223081499107674
enlarged,1,7.4360499702558e-05
enlargement,4,0.000297441998810232
enlarges,1,7.4360499702558e-05
enormously,1,7.4360499702558e-05
enquiry,1,7.4360499702558e-05
enrich,1,7.4360499702558e-05
ensures,2,0.000148720999405116
ensuring,1,7.4360499702558e-05
entails,1,7.4360499702558e-05
entangled,1,7.4360499702558e-05
enter,1,7.4360499702558e-05
entertain,3,0.000223081499107674
entertained,2,0.000148720999405116
entertaining,1,7.4360499702558e-05
entities,8,0.000594883997620464
entity,6,0.000446162998215348
enumerated,1,7.4360499702558e-05
enumeration,1,7.4360499702558e-05
enunciated,1,7.4360499702558e-05
equal,1,7.4360499702558e-05
equally,10,0.00074360499702558
equipment,3,0.000223081499107674
equivocation,1,7.4360499702558e-05
ergo,1,7.4360499702558e-05
erroneous,11,0.000817965496728138
error,19,0.001412849494348602
errors,2,0.000148720999405116
escape,4,0.000297441998810232
esse,1,7.4360499702558e-05
essence,7,0.000520523497917906
essential,7,0.000520523497917906
essentially,8,0.000594883997620464
establish,4,0.000297441998810232
established,2,0.000148720999405116
estimated,1,7.4360499702558e-05
etc.--is,1,7.4360499702558e-05
etc.--may,1,7.4360499702558e-05
etc.--which,1,7.4360499702558e-05
eternal,1,7.4360499702558e-05
eternally,1,7.4360499702558e-05
ethical,4,0.000297441998810232
ethics,3,0.000223081499107674
euclid's,1,7.4360499702558e-05
euclidean,2,0.000148720999405116
europe,1,7.4360499702558e-05
event,3,0.000223081499107674
events,4,0.000297441998810232
everyday,1,7.4360499702558e-05
evidence,12,0.000892325996430696
evident,15,0.00111540749553837
evil,5,0.00037180249851279
exact,1,7.4360499702558e-05
examination,4,0.000297441998810232
examine,8,0.000594883997620464
examined,5,0.00037180249851279
examines,1,7.4360499702558e-05
examining,3,0.000223081499107674
example--raises,1,7.4360499702558e-05
examples,2,0.000148720999405116
exceedingly,1,7.4360499702558e-05
exceptional,2,0.000148720999405116
exceptions,9,0.000669244497323022
excluded,2,0.000148720999405116
excluding,1,7.4360499702558e-05
exclusion,1,7.4360499702558e-05
exclusive,2,0.000148720999405116
exclusively,6,0.000446162998215348
exemplified,3,0.000223081499107674
exemplify,1,7.4360499702558e-05
exempt,2,0.000148720999405116
exist,57,0.0042385484830458064
existed,5,0.00037180249851279
existence,56,0.004164187983343248
existent,1,7.4360499702558e-05
existing,10,0.00074360499702558
exists,33,0.002453896490184414
expect,6,0.000446162998215348
expectation,2,0.000148720999405116
expectations,12,0.000892325996430696
expecting,4,0.000297441998810232
expend,1,7.4360499702558e-05
expense,1,7.4360499702558e-05
expenses,2,0.000148720999405116
experience,78,0.005800118976799524
experience--as,1,7.4360499702558e-05
experience--not,1,7.4360499702558e-05
experienced,10,0.00074360499702558
experiences,15,0.00111540749553837
explained,3,0.000223081499107674
explaining,3,0.000223081499107674
explanation,2,0.000148720999405116
explicitly,1,7.4360499702558e-05
explored,1,7.4360499702558e-05
exploring,1,7.4360499702558e-05
exponents,1,7.4360499702558e-05
exporting,1,7.4360499702558e-05
express,5,0.00037180249851279
expressed,2,0.000148720999405116
expressing,2,0.000148720999405116
expression,2,0.000148720999405116
expressions,1,7.4360499702558e-05
extend,1,7.4360499702558e-05
extends,1,7.4360499702558e-05
extension,3,0.000223081499107674
extensive,1,7.4360499702558e-05
extent,7,0.000520523497917906
external,2,0.000148720999405116
extrinsic,1,7.4360499702558e-05
eye,9,0.000669244497323022
eyes,6,0.000446162998215348
fabric,1,7.4360499702558e-05
face--it,1,7.4360499702558e-05
facility,1,7.4360499702558e-05
facts--infinite,1,7.4360499702558e-05
faculty,1,7.4360499702558e-05
fail,2,0.000148720999405116
failed,2,0.000148720999405116
failing,1,7.4360499702558e-05
fails,3,0.000223081499107674
failure,4,0.000297441998810232
fainter,1,7.4360499702558e-05
faintness,1,7.4360499702558e-05
fall,4,0.000297441998810232
fallacies,1,7.4360499702558e-05
fallacious,5,0.00037180249851279
fallacious--which,1,7.4360499702558e-05
fallacy,1,7.4360499702558e-05
fallible,1,7.4360499702558e-05
falls,1,7.4360499702558e-05
false,29,0.002156454491374182
falsehood,28,0.002082093991671624
falsehoods,2,0.000148720999405116
falsely,5,0.00037180249851279
falsified,1,7.4360499702558e-05
familiar,6,0.000446162998215348
familiarity,2,0.000148720999405116
family,1,7.4360499702558e-05
fancy,1,7.4360499702558e-05
fast,1,7.4360499702558e-05
fatal,1,7.4360499702558e-05
favour,8,0.000594883997620464
favouritism,1,7.4360499702558e-05
fear,1,7.4360499702558e-05
fears,2,0.000148720999405116
features,1,7.4360499702558e-05
fed,1,7.4360499702558e-05
federal,2,0.000148720999405116
fee,8,0.000594883997620464
feeds,1,7.4360499702558e-05
feel,15,0.00111540749553837
feeling,6,0.000446162998215348
feelings,10,0.00074360499702558
feels,2,0.000148720999405116
fees,4,0.000297441998810232
fetters,1,7.4360499702558e-05
feverish,1,7.4360499702558e-05
figure,2,0.000148720999405116
file,1,7.4360499702558e-05
files,1,7.4360499702558e-05
finally,3,0.000223081499107674
financial,1,7.4360499702558e-05
finding,6,0.000446162998215348
fine,1,7.4360499702558e-05
finite,3,0.000223081499107674
firm,2,0.000148720999405116
firmly,4,0.000297441998810232
fit,3,0.000223081499107674
fitness,1,7.4360499702558e-05
fixed,1,7.4360499702558e-05
flash,1,7.4360499702558e-05
fleeting,2,0.000148720999405116
foes,1,7.4360499702558e-05
follow,7,0.000520523497917906
food,9,0.000669244497323022
foolish,1,7.4360499702558e-05
football,1,7.4360499702558e-05
force,1,7.4360499702558e-05
forced,4,0.000297441998810232
forces,1,7.4360499702558e-05
forget,1,7.4360499702558e-05
forgetting,1,7.4360499702558e-05
forgo,1,7.4360499702558e-05
forgotten,1,7.4360499702558e-05
forks,1,7.4360499702558e-05
form,36,0.002676977989292088
formal,1,7.4360499702558e-05
formally,1,7.4360499702558e-05
format,4,0.000297441998810232
formats,1,7.4360499702558e-05
formed,3,0.000223081499107674
forms,5,0.00037180249851279
fortress,1,7.4360499702558e-05
fortuitous,1,7.4360499702558e-05
fortune,1,7.4360499702558e-05
forwards,1,7.4360499702558e-05
fostered,1,7.4360499702558e-05
foundation,22,0.001635930993456276
foundation.”,1,7.4360499702558e-05
foundation’s,3,0.000223081499107674
foundation”,1,7.4360499702558e-05
founder,2,0.000148720999405116
fourth,1,7.4360499702558e-05
fragment,1,7.4360499702558e-05
fragmentary,3,0.000223081499107674
fragments,1,7.4360499702558e-05
framework,1,7.4360499702558e-05
freedom,4,0.000297441998810232
freely,5,0.00037180249851279
french,2,0.000148720999405116
frequent,2,0.000148720999405116
fresh,8,0.000594883997620464
friend,1,7.4360499702558e-05
friend's,2,0.000148720999405116
friends,1,7.4360499702558e-05
frightened,1,7.4360499702558e-05
fulfil,2,0.000148720999405116
fulfilled,5,0.00037180249851279
fulfilment,1,7.4360499702558e-05
fulfils,1,7.4360499702558e-05
function,2,0.000148720999405116
fundamental,7,0.000520523497917906
future,26,0.001933372992266508
futures,6,0.000446162998215348
gain,1,7.4360499702558e-05
garrison,1,7.4360499702558e-05
generality,1,7.4360499702558e-05
generalization,5,0.00037180249851279
generalizations,6,0.000446162998215348
generations,2,0.000148720999405116
genuine,2,0.000148720999405116
genuinely-empirical,1,7.4360499702558e-05
geography,1,7.4360499702558e-05
geology,1,7.4360499702558e-05
geometry,5,0.00037180249851279
georg,1,7.4360499702558e-05
george,1,7.4360499702558e-05
german,8,0.000594883997620464
germany,2,0.000148720999405116
ghost,2,0.000148720999405116
ghost-stories,1,7.4360499702558e-05
gilbert,1,7.4360499702558e-05
glance,1,7.4360499702558e-05
glasses,1,7.4360499702558e-05
globe,1,7.4360499702558e-05
goals,1,7.4360499702558e-05
god,8,0.000594883997620464
god's,2,0.000148720999405116
goodwill,1,7.4360499702558e-05
gordon,1,7.4360499702558e-05
govern,2,0.000148720999405116
gradation,5,0.00037180249851279
gradations,1,7.4360499702558e-05
gradually,4,0.000297441998810232
grain,1,7.4360499702558e-05
granted,6,0.000446162998215348
grapple,1,7.4360499702558e-05
grasp,1,7.4360499702558e-05
gratefully,1,7.4360499702558e-05
gratuitous,1,7.4360499702558e-05
gravely,1,7.4360499702558e-05
gravitation,6,0.000446162998215348
greatly,2,0.000148720999405116
greatness,5,0.00037180249851279
greek,2,0.000148720999405116
greeks,1,7.4360499702558e-05
green,5,0.00037180249851279
greens,1,7.4360499702558e-05
greeny-blue,1,7.4360499702558e-05
gross,3,0.000223081499107674
ground,10,0.00074360499702558
groundless,1,7.4360499702558e-05
grounds,11,0.000817965496728138
grow,1,7.4360499702558e-05
growing,1,7.4360499702558e-05
grown,2,0.000148720999405116
growth,2,0.000148720999405116
guarantee,6,0.000446162998215348
guard,2,0.000148720999405116
guarded,1,7.4360499702558e-05
guide,1,7.4360499702558e-05
gutenberg,26,0.001933372992266508
gutenberg's,1,7.4360499702558e-05
gutenberg”,5,0.00037180249851279
gutenberg™,56,0.004164187983343248
gutenberg™’s,1,7.4360499702558e-05
habit,6,0.000446162998215348
habits,1,7.4360499702558e-05
habitual,1,7.4360499702558e-05
habitually,1,7.4360499702558e-05
hair-splitting,1,7.4360499702558e-05
hallucinations,2,0.000148720999405116
halved,2,0.000148720999405116
halves,1,7.4360499702558e-05
hand,7,0.000520523497917906
handbooks,1,7.4360499702558e-05
happen,8,0.000594883997620464
happened,6,0.000446162998215348
happiness,1,7.4360499702558e-05
hard,9,0.000669244497323022
hardness,6,0.000446162998215348
hardnesses,1,7.4360499702558e-05
harm,1,7.4360499702558e-05
harmless,1,7.4360499702558e-05
harmonious,3,0.000223081499107674
harmonize,2,0.000148720999405116
harmony,1,7.4360499702558e-05
hart,1,7.4360499702558e-05
hates,1,7.4360499702558e-05
hatred,1,7.4360499702558e-05
hatreds,1,7.4360499702558e-05
head,5,0.00037180249851279
hear,10,0.00074360499702558
heard,4,0.000297441998810232
hearing,4,0.000297441998810232
hears,2,0.000148720999405116
heartbeats,1,7.4360499702558e-05
heat,2,0.000148720999405116
heaven,1,7.4360499702558e-05
heavens,1,7.4360499702558e-05
hegel,7,0.000520523497917906
hegel's,1,7.4360499702558e-05
held,17,0.001264128494943486
helpful,1,7.4360499702558e-05
henry,1,7.4360499702558e-05
heretofore,1,7.4360499702558e-05
hesitatingly,1,7.4360499702558e-05
hides,1,7.4360499702558e-05
hierarchy,2,0.000148720999405116
highly,4,0.000297441998810232
hills,1,7.4360499702558e-05
hinder,1,7.4360499702558e-05
historian,1,7.4360499702558e-05
historic,1,7.4360499702558e-05
historical,2,0.000148720999405116
historically,1,7.4360499702558e-05
history,3,0.000223081499107674
hitherto,8,0.000594883997620464
hold,11,0.000817965496728138
holder,4,0.000297441998810232
holds,5,0.00037180249851279
honour,1,7.4360499702558e-05
hoofs,1,7.4360499702558e-05
hooks,2,0.000148720999405116
hope,10,0.00074360499702558
hoped,1,7.4360499702558e-05
hopeless,1,7.4360499702558e-05
hopes,3,0.000223081499107674
horrors,1,7.4360499702558e-05
horse,2,0.000148720999405116
host,1,7.4360499702558e-05
hostile,2,0.000148720999405116
hot,1,7.4360499702558e-05
hour,2,0.000148720999405116
house,3,0.000223081499107674
houses,2,0.000148720999405116
however--which,1,7.4360499702558e-05
human,15,0.00111540749553837
hume,6,0.000446162998215348
hume's,1,7.4360499702558e-05
hume--maintained,1,7.4360499702558e-05
hundreds,1,7.4360499702558e-05
hunger,3,0.000223081499107674
hungry,2,0.000148720999405116
hylas,3,0.000223081499107674
hypertext,1,7.4360499702558e-05
hypotheses,7,0.000520523497917906
hypothesis,5,0.00037180249851279
hypothetical,3,0.000223081499107674
i's,2,0.000148720999405116
i.e,16,0.001189767995240928
idea,31,0.002305175490779298
idealism,6,0.000446162998215348
idealists,5,0.00037180249851279
ideas,36,0.002676977989292088
ideas'--i.e,1,7.4360499702558e-05
identical,5,0.00037180249851279
identification,1,7.4360499702558e-05
identify,2,0.000148720999405116
identity,1,7.4360499702558e-05
ides,1,7.4360499702558e-05
ignorance,1,7.4360499702558e-05
ignorant,1,7.4360499702558e-05
iii,1,7.4360499702558e-05
illumination,1,7.4360499702558e-05
illusoriness,1,7.4360499702558e-05
illusory,1,7.4360499702558e-05
illustrated,1,7.4360499702558e-05
illustrates,2,0.000148720999405116
illustration,6,0.000446162998215348
illustrations,1,7.4360499702558e-05
image,8,0.000594883997620464
imagination,7,0.000520523497917906
imagine,6,0.000446162998215348
imagined,2,0.000148720999405116
imagining,2,0.000148720999405116
immanuel,1,7.4360499702558e-05
immutable,1,7.4360499702558e-05
impaired,1,7.4360499702558e-05
impairs,1,7.4360499702558e-05
impartial,1,7.4360499702558e-05
impartiality,3,0.000223081499107674
impartially,1,7.4360499702558e-05
impenetrable,1,7.4360499702558e-05
imperceptible,2,0.000148720999405116
impersonal,1,7.4360499702558e-05
implied,6,0.000446162998215348
implies,4,0.000297441998810232
imply,2,0.000148720999405116
impose,1,7.4360499702558e-05
imposed,2,0.000148720999405116
impossibility,5,0.00037180249851279
impossible,15,0.00111540749553837
impression,1,7.4360499702558e-05
imprisoned,1,7.4360499702558e-05
improbable,3,0.000223081499107674
inaccurate,1,7.4360499702558e-05
inadequate,2,0.000148720999405116
incapable,8,0.000594883997620464
incidental,1,7.4360499702558e-05
inclination,1,7.4360499702558e-05
inclined,2,0.000148720999405116
include,3,0.000223081499107674
included,10,0.00074360499702558
includes,1,7.4360499702558e-05
including,9,0.000669244497323022
incoherent,2,0.000148720999405116
incompatible,1,7.4360499702558e-05
incomplete,9,0.000669244497323022
incompleteness,3,0.000223081499107674
inconceivable,2,0.000148720999405116
inconsistencies,1,7.4360499702558e-05
inconsistency,1,7.4360499702558e-05
inconsistent,2,0.000148720999405116
increase,1,7.4360499702558e-05
increased,3,0.000223081499107674
increases,2,0.000148720999405116
increasing,1,7.4360499702558e-05
incredulous,1,7.4360499702558e-05
indefinite,2,0.000148720999405116
indefinitely,1,7.4360499702558e-05
indemnify,1,7.4360499702558e-05
indemnity,1,7.4360499702558e-05
independence,1,7.4360499702558e-05
independent,19,0.001412849494348602
independently,10,0.00074360499702558
indestructible,1,7.4360499702558e-05
indicating,1,7.4360499702558e-05
indifferent,2,0.000148720999405116
indirect,1,7.4360499702558e-05
indirectly,2,0.000148720999405116
individual,6,0.000446162998215348
individually,2,0.000148720999405116
indubitable,5,0.00037180249851279
induction,17,0.001264128494943486
inductive,19,0.001412849494348602
inevitable,1,7.4360499702558e-05
inexplicable,1,7.4360499702558e-05
infallibility,1,7.4360499702558e-05
infallible,3,0.000223081499107674
infancy,1,7.4360499702558e-05
infected,1,7.4360499702558e-05
infer,5,0.00037180249851279
inference,15,0.00111540749553837
inferences,5,0.00037180249851279
inferred,10,0.00074360499702558
inferring,1,7.4360499702558e-05
infinite,8,0.000594883997620464
infinitely,3,0.000223081499107674
infinitesimal,1,7.4360499702558e-05
infinitum,1,7.4360499702558e-05
infinity,2,0.000148720999405116
inflected,1,7.4360499702558e-05
inflections,1,7.4360499702558e-05
influence,1,7.4360499702558e-05
infringed,1,7.4360499702558e-05
infringement,1,7.4360499702558e-05
inhabitants,1,7.4360499702558e-05
inhabited,1,7.4360499702558e-05
inherent,1,7.4360499702558e-05
innate,4,0.000297441998810232
innocent,1,7.4360499702558e-05
innumerable,4,0.000297441998810232
inoperative,1,7.4360499702558e-05
inquire,1,7.4360499702558e-05
inquired,1,7.4360499702558e-05
inquiry,4,0.000297441998810232
insistence,2,0.000148720999405116
insistent,1,7.4360499702558e-05
insoluble,1,7.4360499702558e-05
inspiration,1,7.4360499702558e-05
instance,34,0.002528256989886972
instances,22,0.001635930993456276
instants,1,7.4360499702558e-05
instinctive,12,0.000892325996430696
instinctively,3,0.000223081499107674
instincts,1,7.4360499702558e-05
instrument,1,7.4360499702558e-05
insubstantial,1,7.4360499702558e-05
integers,6,0.000446162998215348
intellect,5,0.00037180249851279
intellectual,3,0.000223081499107674
intelligent,1,7.4360499702558e-05
intend,1,7.4360499702558e-05
intended,1,7.4360499702558e-05
intently,1,7.4360499702558e-05
interact,1,7.4360499702558e-05
interaction,2,0.000148720999405116
interfere,2,0.000148720999405116
interferes,1,7.4360499702558e-05
intermediary,1,7.4360499702558e-05
intermediate,2,0.000148720999405116
internal,2,0.000148720999405116
international,1,7.4360499702558e-05
interpret,1,7.4360499702558e-05
interpretation,2,0.000148720999405116
interpreted,1,7.4360499702558e-05
interrelation,1,7.4360499702558e-05
interrupted,1,7.4360499702558e-05
intervening,2,0.000148720999405116
intrinsic,9,0.000669244497323022
intrinsically,4,0.000297441998810232
introduce,1,7.4360499702558e-05
introduction,1,7.4360499702558e-05
introspection,3,0.000223081499107674
intuitive,23,0.001710291493158834
intuitively,1,7.4360499702558e-05
invalidity,1,7.4360499702558e-05
invent,2,0.000148720999405116
invented,1,7.4360499702558e-05
inventing,1,7.4360499702558e-05
inventions,1,7.4360499702558e-05
investigation,2,0.000148720999405116
investigations,1,7.4360499702558e-05
invites,1,7.4360499702558e-05
involve,15,0.00111540749553837
involved,17,0.001264128494943486
involved--at,1,7.4360499702558e-05
involved--in,1,7.4360499702558e-05
involves,8,0.000594883997620464
involving,6,0.000446162998215348
iron,5,0.00037180249851279
irrefutable,1,7.4360499702558e-05
irrelevant,5,0.00037180249851279
irs,1,7.4360499702558e-05
isolated,2,0.000148720999405116
isolation,1,7.4360499702558e-05
issue,2,0.000148720999405116
it--i,1,7.4360499702558e-05
it--theoretically,1,7.4360499702558e-05
"itself',(1",1,7.4360499702558e-05
iv,3,0.000223081499107674
ix,2,0.000148720999405116
jealousy,1,7.4360499702558e-05
joint,1,7.4360499702558e-05
jones,7,0.000520523497917906
judge,13,0.000966686496133254
judged,2,0.000148720999405116
judgement,40,0.00297441998810232
judgements,24,0.001784651992861392
judges,5,0.00037180249851279
judging,12,0.000892325996430696
julius,6,0.000446162998215348
june,1,7.4360499702558e-05
justice,6,0.000446162998215348
justification,3,0.000223081499107674
justified,4,0.000297441998810232
justify,3,0.000223081499107674
justly,1,7.4360499702558e-05
kant,19,0.001412849494348602
kant's,6,0.000446162998215348
kantian,1,7.4360499702558e-05
keener,1,7.4360499702558e-05
keeping,2,0.000148720999405116
kennen,1,7.4360499702558e-05
keynes,1,7.4360499702558e-05
killed,1,7.4360499702558e-05
kinds,11,0.000817965496728138
king,3,0.000223081499107674
king's,1,7.4360499702558e-05
knits,1,7.4360499702558e-05
knitting,2,0.000148720999405116
knives,1,7.4360499702558e-05
knowable,1,7.4360499702558e-05
knowing,14,0.001041046995835812
knowledge,305,0.02267995240928019
knowledge--far,1,7.4360499702558e-05
knowledge--knowledge,1,7.4360499702558e-05
knuckles,2,0.000148720999405116
königsberg,1,7.4360499702558e-05
labours,2,0.000148720999405116
laid,2,0.000148720999405116
lake,1,7.4360499702558e-05
language,3,0.000223081499107674
lapse,1,7.4360499702558e-05
larger,1,7.4360499702558e-05
late,6,0.000446162998215348
latin,1,7.4360499702558e-05
launched,1,7.4360499702558e-05
law,53,0.003941106484235574
laws,33,0.002453896490184414
lay,1,7.4360499702558e-05
lead,3,0.000223081499107674
leads,2,0.000148720999405116
learn,7,0.000520523497917906
learning,3,0.000223081499107674
learnt,1,7.4360499702558e-05
leaves,3,0.000223081499107674
leaving,2,0.000148720999405116
led,14,0.001041046995835812
left,9,0.000669244497323022
legal,2,0.000148720999405116
legally,1,7.4360499702558e-05
legitimately,1,7.4360499702558e-05
leibniz,7,0.000520523497917906
leibniz--maintained,1,7.4360499702558e-05
less--from,1,7.4360499702558e-05
letters,3,0.000223081499107674
level,1,7.4360499702558e-05
liability,3,0.000223081499107674
liable,5,0.00037180249851279
liberating,1,7.4360499702558e-05
liberation,1,7.4360499702558e-05
liberator,1,7.4360499702558e-05
liberty,1,7.4360499702558e-05
library,2,0.000148720999405116
license,17,0.001264128494943486
licensed,1,7.4360499702558e-05
lies,1,7.4360499702558e-05
lieu,2,0.000148720999405116
life,30,0.00223081499107674
life--which,1,7.4360499702558e-05
life-long,1,7.4360499702558e-05
light,24,0.001784651992861392
light-waves,1,7.4360499702558e-05
lightning,5,0.00037180249851279
likelihood,2,0.000148720999405116
limit,3,0.000223081499107674
limitation,4,0.000297441998810232
limitations,1,7.4360499702558e-05
limited,9,0.000669244497323022
limiting,1,7.4360499702558e-05
limits,5,0.00037180249851279
linked,1,7.4360499702558e-05
links,3,0.000223081499107674
lips,1,7.4360499702558e-05
listen,2,0.000148720999405116
literary,13,0.000966686496133254
live,1,7.4360499702558e-05
lived,1,7.4360499702558e-05
lives,2,0.000148720999405116
living,4,0.000297441998810232
located,7,0.000520523497917906
locations,1,7.4360499702558e-05
locke,1,7.4360499702558e-05
logic,30,0.00223081499107674
logical,23,0.001710291493158834
logically,12,0.000892325996430696
logically--so,1,7.4360499702558e-05
logician,1,7.4360499702558e-05
london,10,0.00074360499702558
long-lived,1,7.4360499702558e-05
longest-lived,1,7.4360499702558e-05
looked,1,7.4360499702558e-05
loose,1,7.4360499702558e-05
loosen,1,7.4360499702558e-05
lot,1,7.4360499702558e-05
loud,1,7.4360499702558e-05
love,11,0.000817965496728138
loves,18,0.001338488994646044
loving,7,0.000520523497917906
lowest,1,7.4360499702558e-05
luck,2,0.000148720999405116
luminously,1,7.4360499702558e-05
lying,1,7.4360499702558e-05
machine-readable,1,7.4360499702558e-05
magnifies,1,7.4360499702558e-05
main,7,0.000520523497917906
maintain,1,7.4360499702558e-05
maintained,5,0.00037180249851279
maintaining,1,7.4360499702558e-05
majority,1,7.4360499702558e-05
man's,11,0.000817965496728138
man-made,1,7.4360499702558e-05
manager,1,7.4360499702558e-05
mankind,2,0.000148720999405116
manner,5,0.00037180249851279
many--profess,1,7.4360499702558e-05
map,2,0.000148720999405116
march,1,7.4360499702558e-05
marching,1,7.4360499702558e-05
mark,2,0.000148720999405116
marked,2,0.000148720999405116
marriage,1,7.4360499702558e-05
mask,5,0.00037180249851279
mass,2,0.000148720999405116
match,1,7.4360499702558e-05
material,5,0.00037180249851279
mathematical,4,0.000297441998810232
mathematician,3,0.000223081499107674
mathematicians,3,0.000223081499107674
mathematics,8,0.000594883997620464
matter,46,0.003420582986317668
matters,6,0.000446162998215348
maximum,1,7.4360499702558e-05
meal,2,0.000148720999405116
meaning,13,0.000966686496133254
meanings,1,7.4360499702558e-05
meant,9,0.000669244497323022
measure,3,0.000223081499107674
meditations,1,7.4360499702558e-05
medium,8,0.000594883997620464
meet,3,0.000223081499107674
melt,1,7.4360499702558e-05
memories,2,0.000148720999405116
memory,25,0.00185901249256395
men's,1,7.4360499702558e-05
mental,33,0.002453896490184414
mention,1,7.4360499702558e-05
merchantability,1,7.4360499702558e-05
mercilessly,1,7.4360499702558e-05
mere,19,0.001412849494348602
merest,1,7.4360499702558e-05
merges,1,7.4360499702558e-05
merit,2,0.000148720999405116
merits,1,7.4360499702558e-05
met,3,0.000223081499107674
metaphorically,1,7.4360499702558e-05
metaphysic,1,7.4360499702558e-05
metaphysical,4,0.000297441998810232
metaphysician,2,0.000148720999405116
metaphysicians,2,0.000148720999405116
metaphysics,4,0.000297441998810232
method,7,0.000520523497917906
methodical,2,0.000148720999405116
methods,2,0.000148720999405116
michael,1,7.4360499702558e-05
microscope,4,0.000297441998810232
middle,1,7.4360499702558e-05
middle-aged,1,7.4360499702558e-05
midst,1,7.4360499702558e-05
miles,1,7.4360499702558e-05
mind,84,0.006246281975014872
mind's,2,0.000148720999405116
mind--not,1,7.4360499702558e-05
minds,50,0.0037180249851279
mineralogist,1,7.4360499702558e-05
minister,3,0.000223081499107674
minister's,3,0.000223081499107674
minor,1,7.4360499702558e-05
minute,2,0.000148720999405116
minutes,4,0.000297441998810232
miracle,1,7.4360499702558e-05
misery,1,7.4360499702558e-05
misleading,6,0.000446162998215348
misleadingness,1,7.4360499702558e-05
mission,4,0.000297441998810232
mississippi,1,7.4360499702558e-05
mistake,1,7.4360499702558e-05
mistaken,4,0.000297441998810232
mistakes,1,7.4360499702558e-05
misunderstanding,1,7.4360499702558e-05
mitigate,1,7.4360499702558e-05
mode,1,7.4360499702558e-05
modern,6,0.000446162998215348
modest,2,0.000148720999405116
modification,1,7.4360499702558e-05
modifications,1,7.4360499702558e-05
modified,2,0.000148720999405116
modify,1,7.4360499702558e-05
moment,14,0.001041046995835812
momentary,1,7.4360499702558e-05
moments,2,0.000148720999405116
monad,1,7.4360499702558e-05
monadism,1,7.4360499702558e-05
monadology,1,7.4360499702558e-05
money,3,0.000223081499107674
monism,1,7.4360499702558e-05
month,1,7.4360499702558e-05
moon,2,0.000148720999405116
moore,1,7.4360499702558e-05
morning,2,0.000148720999405116
mortal,21,0.001561570493753718
mortality,2,0.000148720999405116
mortals,2,0.000148720999405116
motion,12,0.000892325996430696
motions,2,0.000148720999405116
moved,1,7.4360499702558e-05
movements,1,7.4360499702558e-05
multiplication,1,7.4360499702558e-05
multiplicity,1,7.4360499702558e-05
multiplied,3,0.000223081499107674
murray,1,7.4360499702558e-05
musical,1,7.4360499702558e-05
mutually,1,7.4360499702558e-05
mysterious,3,0.000223081499107674
mystic,1,7.4360499702558e-05
mystical,1,7.4360499702558e-05
mysticism,1,7.4360499702558e-05
naked,3,0.000223081499107674
named,4,0.000297441998810232
names,3,0.000223081499107674
narrow,6,0.000446162998215348
nation,1,7.4360499702558e-05
native,1,7.4360499702558e-05
natural,14,0.001041046995835812
naturally,9,0.000669244497323022
nature,58,0.004312908982748364
naval,2,0.000148720999405116
nearer,5,0.00037180249851279
nearest,1,7.4360499702558e-05
nearness,1,7.4360499702558e-05
necessity,7,0.000520523497917906
neck,3,0.000223081499107674
negative,2,0.000148720999405116
neglect,2,0.000148720999405116
neglecting,1,7.4360499702558e-05
negligence,1,7.4360499702558e-05
negligible,1,7.4360499702558e-05
nerves,2,0.000148720999405116
network,1,7.4360499702558e-05
neutral,4,0.000297441998810232
newness,1,7.4360499702558e-05
news,1,7.4360499702558e-05
newsletter,1,7.4360499702558e-05
newspaper,3,0.000223081499107674
newspapers,1,7.4360499702558e-05
newton's,1,7.4360499702558e-05
night,2,0.000148720999405116
ninety-three,1,7.4360499702558e-05
noise,4,0.000297441998810232
noises,1,7.4360499702558e-05
nominative,1,7.4360499702558e-05
non-existence,1,7.4360499702558e-05
non-logical,1,7.4360499702558e-05
non-mental,2,0.000148720999405116
non-profit,1,7.4360499702558e-05
nonproprietary,1,7.4360499702558e-05
nook,1,7.4360499702558e-05
normal,4,0.000297441998810232
north,11,0.000817965496728138
not-self,4,0.000297441998810232
notably,2,0.000148720999405116
note,1,7.4360499702558e-05
noteworthy,1,7.4360499702558e-05
notice,5,0.00037180249851279
noticed,2,0.000148720999405116
noticing,1,7.4360499702558e-05
notifies,1,7.4360499702558e-05
notion,3,0.000223081499107674
notions,1,7.4360499702558e-05
notoriously,2,0.000148720999405116
nouns,1,7.4360499702558e-05
nourishing,2,0.000148720999405116
novelist,1,7.4360499702558e-05
nowadays,1,7.4360499702558e-05
nowhen,1,7.4360499702558e-05
numerous,1,7.4360499702558e-05
object,104,0.007733491969066032
object--in,1,7.4360499702558e-05
object-relation,2,0.000148720999405116
object-terms,2,0.000148720999405116
objection,4,0.000297441998810232
objectionable,1,7.4360499702558e-05
objections,5,0.00037180249851279
objective,1,7.4360499702558e-05
objects,97,0.007212968471148126
objects--it,1,7.4360499702558e-05
oblivious,1,7.4360499702558e-05
oblong,2,0.000148720999405116
obscure,1,7.4360499702558e-05
observation,3,0.000223081499107674
observe,1,7.4360499702558e-05
observed,6,0.000446162998215348
observing,1,7.4360499702558e-05
obsolete,1,7.4360499702558e-05
obstacle,1,7.4360499702558e-05
obstacles,1,7.4360499702558e-05
obstinate,1,7.4360499702558e-05
obtaining,3,0.000223081499107674
obtuse,1,7.4360499702558e-05
obvious,10,0.00074360499702558
obviousness,1,7.4360499702558e-05
obviousness--the,1,7.4360499702558e-05
occasion,2,0.000148720999405116
occupant,1,7.4360499702558e-05
occupied,3,0.000223081499107674
occupies,2,0.000148720999405116
occupy,5,0.00037180249851279
occupying,1,7.4360499702558e-05
occur,7,0.000520523497917906
occurred,2,0.000148720999405116
occurrence,4,0.000297441998810232
occurring,2,0.000148720999405116
occurs,4,0.000297441998810232
odd,1,7.4360499702558e-05
offers,3,0.000223081499107674
office,1,7.4360499702558e-05
official,3,0.000223081499107674
oftener,1,7.4360499702558e-05
omission,1,7.4360499702558e-05
oneself,1,7.4360499702558e-05
one—the,1,7.4360499702558e-05
online,4,0.000297441998810232
opaque,1,7.4360499702558e-05
operated,1,7.4360499702558e-05
operation,4,0.000297441998810232
operative,1,7.4360499702558e-05
opinion,15,0.00111540749553837
opinions,3,0.000223081499107674
opportunities,1,7.4360499702558e-05
opportunity,1,7.4360499702558e-05
opposed,14,0.001041046995835812
opposing,2,0.000148720999405116
opposites,1,7.4360499702558e-05
opposition,3,0.000223081499107674
orator,1,7.4360499702558e-05
orderly,1,7.4360499702558e-05
ordinary,7,0.000520523497917906
ordnance,1,7.4360499702558e-05
organism,2,0.000148720999405116
organization,2,0.000148720999405116
organized,1,7.4360499702558e-05
organizing,1,7.4360499702558e-05
organs,1,7.4360499702558e-05
origin,1,7.4360499702558e-05
original,2,0.000148720999405116
originally,1,7.4360499702558e-05
originator,1,7.4360499702558e-05
othello,18,0.001338488994646044
othello's,2,0.000148720999405116
outcome,1,7.4360499702558e-05
outdated,1,7.4360499702558e-05
outer,8,0.000594883997620464
outline,2,0.000148720999405116
outlines,1,7.4360499702558e-05
outward,1,7.4360499702558e-05
oval,1,7.4360499702558e-05
overlooked,2,0.000148720999405116
owed,1,7.4360499702558e-05
owner,4,0.000297441998810232
owns,2,0.000148720999405116
paid,6,0.000446162998215348
pain,2,0.000148720999405116
painfully,1,7.4360499702558e-05
painter,3,0.000223081499107674
pair,3,0.000223081499107674
pairs,4,0.000297441998810232
pale,2,0.000148720999405116
palpable,1,7.4360499702558e-05
paper,2,0.000148720999405116
papers,1,7.4360499702558e-05
paperwork,1,7.4360499702558e-05
paradoxes,1,7.4360499702558e-05
paradoxical,1,7.4360499702558e-05
paragraph,11,0.000817965496728138
paragraphs,3,0.000223081499107674
parallel,2,0.000148720999405116
partake,2,0.000148720999405116
partial,3,0.000223081499107674
partially,1,7.4360499702558e-05
participate,2,0.000148720999405116
participation,2,0.000148720999405116
particularity,2,0.000148720999405116
particulars,26,0.001933372992266508
partly,5,0.00037180249851279
partly--and,1,7.4360499702558e-05
party,1,7.4360499702558e-05
pass,10,0.00074360499702558
passage,1,7.4360499702558e-05
passes,1,7.4360499702558e-05
passing,2,0.000148720999405116
past--nor,1,7.4360499702558e-05
past--not,1,7.4360499702558e-05
patch,10,0.00074360499702558
patches,3,0.000223081499107674
pausing,1,7.4360499702558e-05
pay,1,7.4360499702558e-05
paying,3,0.000223081499107674
payments,3,0.000223081499107674
peace,1,7.4360499702558e-05
peculiar,1,7.4360499702558e-05
peculiarly,1,7.4360499702558e-05
people,38,0.002825698988697204
people's,8,0.000594883997620464
perceive,12,0.000892325996430696
perceived,8,0.000594883997620464
perceiving,3,0.000223081499107674
perception,13,0.000966686496133254
perceptions,6,0.000446162998215348
percipi,1,7.4360499702558e-05
percipient,2,0.000148720999405116
perfect,3,0.000223081499107674
perfection,1,7.4360499702558e-05
perfectly,6,0.000446162998215348
perform,3,0.000223081499107674
performances,1,7.4360499702558e-05
performed,6,0.000446162998215348
performing,3,0.000223081499107674
periodic,1,7.4360499702558e-05
permanence,1,7.4360499702558e-05
permanent,7,0.000520523497917906
permission,6,0.000446162998215348
permitted,2,0.000148720999405116
perpendiculars,3,0.000223081499107674
perpetual,1,7.4360499702558e-05
persists,3,0.000223081499107674
person,33,0.002453896490184414
personal,4,0.000297441998810232
persons,1,7.4360499702558e-05
perspective,1,7.4360499702558e-05
persuade,2,0.000148720999405116
persuaded,1,7.4360499702558e-05
persuading,1,7.4360499702558e-05
perturbed,1,7.4360499702558e-05
pglaf,1,7.4360499702558e-05
phantasmagoria,1,7.4360499702558e-05
phenomena,9,0.000669244497323022
phenomenon,2,0.000148720999405116
philonous,3,0.000223081499107674
philosopher,10,0.00074360499702558
philosopher's,1,7.4360499702558e-05
philosophers,34,0.002528256989886972
philosophers--or,1,7.4360499702558e-05
philosophers--that,1,7.4360499702558e-05
philosophic,8,0.000594883997620464
philosophical,12,0.000892325996430696
philosophies,2,0.000148720999405116
philosophize,1,7.4360499702558e-05
philosophy,83,0.006171921475312314
philosophy--for,1,7.4360499702558e-05
philosophy--the,1,7.4360499702558e-05
phrase,9,0.000669244497323022
physical,101,0.007510410469958358
physics,1,7.4360499702558e-05
physiological,1,7.4360499702558e-05
physiology,1,7.4360499702558e-05
piece,10,0.00074360499702558
piecemeal,2,0.000148720999405116
pink,1,7.4360499702558e-05
places--london,1,7.4360499702558e-05
placing,1,7.4360499702558e-05
plain,15,0.00111540749553837
plainly,4,0.000297441998810232
plan,2,0.000148720999405116
plane,1,7.4360499702558e-05
planet,1,7.4360499702558e-05
plato,8,0.000594883997620464
plato's,3,0.000223081499107674
plausibility,1,7.4360499702558e-05
playing,1,7.4360499702558e-05
pleasure,2,0.000148720999405116
poet,2,0.000148720999405116
poison,2,0.000148720999405116
poisonous,1,7.4360499702558e-05
position,8,0.000594883997620464
positions,4,0.000297441998810232
positive,4,0.000297441998810232
positively,1,7.4360499702558e-05
possess,1,7.4360499702558e-05
possessed,1,7.4360499702558e-05
possession,1,7.4360499702558e-05
possibilities,7,0.000520523497917906
possibility,10,0.00074360499702558
posted,4,0.000297441998810232
poverty,1,7.4360499702558e-05
power,10,0.00074360499702558
powerful,2,0.000148720999405116
powerlessness,1,7.4360499702558e-05
powers,1,7.4360499702558e-05
practical,8,0.000594883997620464
practically,3,0.000223081499107674
practice,1,7.4360499702558e-05
practised,1,7.4360499702558e-05
pre-eminently,1,7.4360499702558e-05
preceded,2,0.000148720999405116
preceding,9,0.000669244497323022
precise,7,0.000520523497917906
precisely,1,7.4360499702558e-05
predicate,3,0.000223081499107674
preface,1,7.4360499702558e-05
prefer,4,0.000297441998810232
preferable,1,7.4360499702558e-05
prejudices,7,0.000520523497917906
preliminary,3,0.000223081499107674
premiss,6,0.000446162998215348
premisses,15,0.00111540749553837
prepare,2,0.000148720999405116
preparing,1,7.4360499702558e-05
prepositions,6,0.000446162998215348
preposterous,2,0.000148720999405116
prescribe,1,7.4360499702558e-05
presence,1,7.4360499702558e-05
preservation,1,7.4360499702558e-05
preserve,3,0.000223081499107674
press,3,0.000223081499107674
pressing,1,7.4360499702558e-05
pressure,1,7.4360499702558e-05
pressures,1,7.4360499702558e-05
presume,2,0.000148720999405116
presumption,1,7.4360499702558e-05
presupposed,1,7.4360499702558e-05
presupposes,3,0.000223081499107674
pretty,1,7.4360499702558e-05
prevent,1,7.4360499702558e-05
prevents,2,0.000148720999405116
previous,11,0.000817965496728138
prime,6,0.000446162998215348
primitive,1,7.4360499702558e-05
principle,55,0.00408982748364069
principles,49,0.003643664485425342
principles--perhaps,1,7.4360499702558e-05
print,4,0.000297441998810232
printed,3,0.000223081499107674
priori,56,0.004164187983343248
prison,2,0.000148720999405116
privacy,2,0.000148720999405116
private,22,0.001635930993456276
probability,18,0.001338488994646044
probable,23,0.001710291493158834
proceed,7,0.000520523497917906
proceeded,1,7.4360499702558e-05
proceeds,1,7.4360499702558e-05
process,9,0.000669244497323022
processes,1,7.4360499702558e-05
processing,1,7.4360499702558e-05
produce,4,0.000297441998810232
produced,4,0.000297441998810232
produces,3,0.000223081499107674
producing,1,7.4360499702558e-05
product,7,0.000520523497917906
production,1,7.4360499702558e-05
products,1,7.4360499702558e-05
professor,2,0.000148720999405116
profit--the,1,7.4360499702558e-05
profitable,1,7.4360499702558e-05
profited,1,7.4360499702558e-05
profits,1,7.4360499702558e-05
profoundest,1,7.4360499702558e-05
progress,1,7.4360499702558e-05
progressively,1,7.4360499702558e-05
prohibition,1,7.4360499702558e-05
project,84,0.006246281975014872
prolegomena,1,7.4360499702558e-05
prolonged,1,7.4360499702558e-05
prominently,4,0.000297441998810232
promote,1,7.4360499702558e-05
promoting,2,0.000148720999405116
promotion,1,7.4360499702558e-05
pronounce,1,7.4360499702558e-05
pronouns,2,0.000148720999405116
proof,10,0.00074360499702558
proofread,1,7.4360499702558e-05
proofs,2,0.000148720999405116
proper,5,0.00037180249851279
properly,2,0.000148720999405116
properties,16,0.001189767995240928
property,19,0.001412849494348602
proportion,2,0.000148720999405116
proposed,1,7.4360499702558e-05
proposition,61,0.004535990481856038
propositions,30,0.00223081499107674
proprietary,1,7.4360499702558e-05
protect,2,0.000148720999405116
protected,5,0.00037180249851279
prove,27,0.002007733491969066
proved,19,0.001412849494348602
provide,8,0.000594883997620464
providing,5,0.00037180249851279
proving,2,0.000148720999405116
provision,1,7.4360499702558e-05
provisionally,1,7.4360499702558e-05
provisions,1,7.4360499702558e-05
prudent,1,7.4360499702558e-05
prussia,1,7.4360499702558e-05
psychological,5,0.00037180249851279
psychologically,1,7.4360499702558e-05
psychology,1,7.4360499702558e-05
public,9,0.000669244497323022
punitive,1,7.4360499702558e-05
pure,11,0.000817965496728138
purely,6,0.000446162998215348
purpose,5,0.00037180249851279
purposes,2,0.000148720999405116
pursue,1,7.4360499702558e-05
pursuit,2,0.000148720999405116
pushed,1,7.4360499702558e-05
puzzling,1,7.4360499702558e-05
qualities,8,0.000594883997620464
quality,11,0.000817965496728138
question,59,0.004387269482450922
questions,26,0.001933372992266508
questions--and,1,7.4360499702558e-05
quibbling,1,7.4360499702558e-05
race,2,0.000148720999405116
radically,6,0.000446162998215348
raised,5,0.00037180249851279
raises,5,0.00037180249851279
range,1,7.4360499702558e-05
ranging,1,7.4360499702558e-05
rap,2,0.000148720999405116
rapping,1,7.4360499702558e-05
rash,2,0.000148720999405116
rate,10,0.00074360499702558
rational,2,0.000148720999405116
rationalist,1,7.4360499702558e-05
rationalists,8,0.000594883997620464
rationalists--who,1,7.4360499702558e-05
rationality,1,7.4360499702558e-05
ray,2,0.000148720999405116
re-stated,2,0.000148720999405116
re-use,2,0.000148720999405116
reach,7,0.000520523497917906
reached,2,0.000148720999405116
reaches,3,0.000223081499107674
reaching,2,0.000148720999405116
read,6,0.000446162998215348
readable,1,7.4360499702558e-05
reader,2,0.000148720999405116
readers,1,7.4360499702558e-05
reading,4,0.000297441998810232
ready,2,0.000148720999405116
real,52,0.003866745984533016
real--or,1,7.4360499702558e-05
reality,16,0.001189767995240928
realization,1,7.4360499702558e-05
realize,5,0.00037180249851279
realized,1,7.4360499702558e-05
realizes,2,0.000148720999405116
realizing,2,0.000148720999405116
reappear,1,7.4360499702558e-05
reason,54,0.004015466983938132
reasonable,7,0.000520523497917906
reasoning,10,0.00074360499702558
reasons,18,0.001338488994646044
reasons--in,1,7.4360499702558e-05
recall,2,0.000148720999405116
receipt,2,0.000148720999405116
receive,2,0.000148720999405116
received,6,0.000446162998215348
receiving,1,7.4360499702558e-05
recognized,2,0.000148720999405116
recognizes,1,7.4360499702558e-05
recombines,1,7.4360499702558e-05
recommended,2,0.000148720999405116
reconcile,1,7.4360499702558e-05
reconstructed,1,7.4360499702558e-05
recorded,1,7.4360499702558e-05
rectangular,3,0.000223081499107674
red,19,0.001412849494348602
redistribute,1,7.4360499702558e-05
redistributing,2,0.000148720999405116
redistribution,2,0.000148720999405116
reduce,1,7.4360499702558e-05
reduced,2,0.000148720999405116
reducible,1,7.4360499702558e-05
reference,6,0.000446162998215348
references,2,0.000148720999405116
refined,1,7.4360499702558e-05
reflect,5,0.00037180249851279
reflected,3,0.000223081499107674
reflecting,1,7.4360499702558e-05
reflection,10,0.00074360499702558
refund,9,0.000669244497323022
refund”,1,7.4360499702558e-05
refutable,1,7.4360499702558e-05
refutation,2,0.000148720999405116
refuted,2,0.000148720999405116
regard,25,0.00185901249256395
regarded,12,0.000892325996430696
regiment,2,0.000148720999405116
region,2,0.000148720999405116
registered,2,0.000148720999405116
regress,1,7.4360499702558e-05
regulating,1,7.4360499702558e-05
reign,3,0.000223081499107674
reject,6,0.000446162998215348
rejected,4,0.000297441998810232
rejecting,4,0.000297441998810232
rejection,1,7.4360499702558e-05
relate,1,7.4360499702558e-05
relates,6,0.000446162998215348
relation,92,0.006841165972635336
relation--in,1,7.4360499702558e-05
relational,1,7.4360499702558e-05
relations,46,0.003420582986317668
relative,4,0.000297441998810232
release,1,7.4360499702558e-05
relevant,2,0.000148720999405116
reliable,1,7.4360499702558e-05
religion,1,7.4360499702558e-05
religious,2,0.000148720999405116
remain,12,0.000892325996430696
remaining,3,0.000223081499107674
remains,9,0.000669244497323022
remarkably,1,7.4360499702558e-05
remarks,1,7.4360499702558e-05
remedies,1,7.4360499702558e-05
remember,3,0.000223081499107674
remembered,9,0.000669244497323022
remembering,2,0.000148720999405116
remote,1,7.4360499702558e-05
remoter,1,7.4360499702558e-05
removal,1,7.4360499702558e-05
remove,2,0.000148720999405116
removed,4,0.000297441998810232
removes,1,7.4360499702558e-05
renamed,1,7.4360499702558e-05
render,2,0.000148720999405116
rendered,3,0.000223081499107674
renders,2,0.000148720999405116
renounce,1,7.4360499702558e-05
repeat,1,7.4360499702558e-05
repeated,2,0.000148720999405116
repeatedly,1,7.4360499702558e-05
repetition,1,7.4360499702558e-05
repetitions,2,0.000148720999405116
replace,3,0.000223081499107674
replaced,1,7.4360499702558e-05
replacement,5,0.00037180249851279
reported,1,7.4360499702558e-05
reports,1,7.4360499702558e-05
represent,1,7.4360499702558e-05
representations,1,7.4360499702558e-05
representative,1,7.4360499702558e-05
represented,6,0.000446162998215348
representing,1,7.4360499702558e-05
represents,2,0.000148720999405116
republic,1,7.4360499702558e-05
request,1,7.4360499702558e-05
require,6,0.000446162998215348
required,11,0.000817965496728138
requirements,4,0.000297441998810232
requires,5,0.00037180249851279
requiring,2,0.000148720999405116
requisites,3,0.000223081499107674
resemblance,11,0.000817965496728138
resemblances,1,7.4360499702558e-05
resemble,6,0.000446162998215348
residue,1,7.4360499702558e-05
resists,2,0.000148720999405116
respect,4,0.000297441998810232
rest,6,0.000446162998215348
restate,1,7.4360499702558e-05
resting,1,7.4360499702558e-05
restricted,1,7.4360499702558e-05
restrictions,2,0.000148720999405116
rests,4,0.000297441998810232
result,19,0.001412849494348602
retain,1,7.4360499702558e-05
retained,1,7.4360499702558e-05
retains,2,0.000148720999405116
retort,1,7.4360499702558e-05
return,8,0.000594883997620464
returning,1,7.4360499702558e-05
returns,1,7.4360499702558e-05
reveal,4,0.000297441998810232
revealed,1,7.4360499702558e-05
revenue,1,7.4360499702558e-05
reversed,1,7.4360499702558e-05
revert,1,7.4360499702558e-05
review,1,7.4360499702558e-05
revolution,1,7.4360499702558e-05
rightly,3,0.000223081499107674
rigid,1,7.4360499702558e-05
rise,10,0.00074360499702558
risen,2,0.000148720999405116
rises,2,0.000148720999405116
risk,3,0.000223081499107674
rival,1,7.4360499702558e-05
road,5,0.00037180249851279
rob,1,7.4360499702558e-05
robbing,1,7.4360499702558e-05
robinson,6,0.000446162998215348
roman,1,7.4360499702558e-05
roof,1,7.4360499702558e-05
rooted,1,7.4360499702558e-05
rose,4,0.000297441998810232
rotate,1,7.4360499702558e-05
rotating,1,7.4360499702558e-05
rotation,2,0.000148720999405116
roughly,2,0.000148720999405116
roughnesses,2,0.000148720999405116
roundabout,1,7.4360499702558e-05
rounded,1,7.4360499702558e-05
rouse,1,7.4360499702558e-05
roused,1,7.4360499702558e-05
royalties,3,0.000223081499107674
royalty,3,0.000223081499107674
rudimentary,2,0.000148720999405116
ruins,2,0.000148720999405116
rule,4,0.000297441998810232
rules,3,0.000223081499107674
runs,1,7.4360499702558e-05
russell,3,0.000223081499107674
s/he,1,7.4360499702558e-05
sake,4,0.000297441998810232
salt,1,7.4360499702558e-05
samples,1,7.4360499702558e-05
satisfaction,1,7.4360499702558e-05
satisfactory,2,0.000148720999405116
satisfy,2,0.000148720999405116
satisfying,1,7.4360499702558e-05
save,1,7.4360499702558e-05
savoir,1,7.4360499702558e-05
scaffold,1,7.4360499702558e-05
scarcely,6,0.000446162998215348
sceptic,1,7.4360499702558e-05
sceptical,1,7.4360499702558e-05
scepticism,4,0.000297441998810232
sceptics,1,7.4360499702558e-05
schoolmen,1,7.4360499702558e-05
schools,2,0.000148720999405116
science,31,0.002305175490779298
sciences,5,0.00037180249851279
scientific,8,0.000594883997620464
scope,8,0.000594883997620464
scrutiny,3,0.000223081499107674
sea,1,7.4360499702558e-05
search,4,0.000297441998810232
searches,1,7.4360499702558e-05
sections,1,7.4360499702558e-05
secure,3,0.000223081499107674
secures,1,7.4360499702558e-05
seek,6,0.000446162998215348
seeks,2,0.000148720999405116
seldom,1,7.4360499702558e-05
self-acquainted-with-sense-datum,1,7.4360499702558e-05
self-assertion,3,0.000223081499107674
self-consciousness,2,0.000148720999405116
self-contradictory,4,0.000297441998810232
self-evidence,31,0.002305175490779298
self-evident,24,0.001784651992861392
self-interest,1,7.4360499702558e-05
self-subsistent,1,7.4360499702558e-05
self_-consciousness,1,7.4360499702558e-05
send,1,7.4360499702558e-05
sending,1,7.4360499702558e-05
sensation,18,0.001338488994646044
sensation--the,1,7.4360499702558e-05
sensations,20,0.00148720999405116
sense,94,0.006989886972040452
sense--thoughts,1,7.4360499702558e-05
sense-data,116,0.008625817965496729
sense-data--brown,1,7.4360499702558e-05
sense-data--colour,1,7.4360499702558e-05
sense-data--for,1,7.4360499702558e-05
sense-data--which,1,7.4360499702558e-05
sense-datum,17,0.001264128494943486
sense-organs,2,0.000148720999405116
senses,22,0.001635930993456276
sentence,8,0.000594883997620464
separate,6,0.000446162998215348
separated,1,7.4360499702558e-05
sequel,1,7.4360499702558e-05
series,2,0.000148720999405116
serve,1,7.4360499702558e-05
service,2,0.000148720999405116
set,14,0.001041046995835812
sets,1,7.4360499702558e-05
setting,2,0.000148720999405116
seventeenth,1,7.4360499702558e-05
severally,2,0.000148720999405116
severe,1,7.4360499702558e-05
shade,5,0.00037180249851279
shades,5,0.00037180249851279
shadow,1,7.4360499702558e-05
shape,24,0.001784651992861392
shapes,5,0.00037180249851279
share,5,0.00037180249851279
shared,2,0.000148720999405116
shares,2,0.000148720999405116
sharing,1,7.4360499702558e-05
sharp,1,7.4360499702558e-05
sheets,1,7.4360499702558e-05
shining,3,0.000223081499107674
shiny,1,7.4360499702558e-05
shock,1,7.4360499702558e-05
short,1,7.4360499702558e-05
shortly,1,7.4360499702558e-05
shut,5,0.00037180249851279
sight,16,0.001189767995240928
sign,4,0.000297441998810232
signs,8,0.000594883997620464
similarity,3,0.000223081499107674
simple,6,0.000446162998215348
simpler,3,0.000223081499107674
simplicity,2,0.000148720999405116
simplify,1,7.4360499702558e-05
simply,6,0.000446162998215348
simultaneous,2,0.000148720999405116
simultaneously,5,0.00037180249851279
single,17,0.001264128494943486
singled,2,0.000148720999405116
singular,2,0.000148720999405116
sir,1,7.4360499702558e-05
sitting,4,0.000297441998810232
situated,1,7.4360499702558e-05
skeleton,1,7.4360499702558e-05
sleeping,1,7.4360499702558e-05
slight,4,0.000297441998810232
slightest,4,0.000297441998810232
slowly,1,7.4360499702558e-05
smell,2,0.000148720999405116
smelling,1,7.4360499702558e-05
smells,1,7.4360499702558e-05
smith,6,0.000446162998215348
smooth,2,0.000148720999405116
smoothness,3,0.000223081499107674
so-and-so,19,0.001412849494348602
sober,1,7.4360499702558e-05
society,1,7.4360499702558e-05
socrates,14,0.001041046995835812
solar,2,0.000148720999405116
sold,1,7.4360499702558e-05
sole,3,0.000223081499107674
solicit,2,0.000148720999405116
solicitation,1,7.4360499702558e-05
solid,1,7.4360499702558e-05
solution,3,0.000223081499107674
solve,1,7.4360499702558e-05
solves,1,7.4360499702558e-05
solving,1,7.4360499702558e-05
somebody's,1,7.4360499702558e-05
sooner,5,0.00037180249851279
sophistry,1,7.4360499702558e-05
sort,42,0.003123140987507436
sorts,5,0.00037180249851279
sought,4,0.000297441998810232
soul,1,7.4360499702558e-05
souls,2,0.000148720999405116
sound,8,0.000594883997620464
sounds,7,0.000520523497917906
sour,1,7.4360499702558e-05
source,8,0.000594883997620464
sources,3,0.000223081499107674
south,1,7.4360499702558e-05
space,74,0.005502676977989292
space-relations,1,7.4360499702558e-05
spaces,11,0.000817965496728138
spatial,3,0.000223081499107674
speak,8,0.000594883997620464
speak--that,1,7.4360499702558e-05
speaking,9,0.000669244497323022
special,7,0.000520523497917906
specially,1,7.4360499702558e-05
species,1,7.4360499702558e-05
spectacles,1,7.4360499702558e-05
spectator,3,0.000223081499107674
speculation,3,0.000223081499107674
speculative,1,7.4360499702558e-05
speech,1,7.4360499702558e-05
sphere,2,0.000148720999405116
spinoza,3,0.000223081499107674
spiritual,3,0.000223081499107674
spite,11,0.000817965496728138
spoke,1,7.4360499702558e-05
spoken,4,0.000297441998810232
spoons,1,7.4360499702558e-05
sprang,1,7.4360499702558e-05
staff,1,7.4360499702558e-05
stage,4,0.000297441998810232
stages,1,7.4360499702558e-05
stand,7,0.000520523497917906
standing,2,0.000148720999405116
stands,6,0.000446162998215348
start,9,0.000669244497323022
started,1,7.4360499702558e-05
starting,2,0.000148720999405116
starts,1,7.4360499702558e-05
stated,6,0.000446162998215348
statement,14,0.001041046995835812
statements,6,0.000446162998215348
state’s,1,7.4360499702558e-05
stating,2,0.000148720999405116
status,4,0.000297441998810232
step,1,7.4360499702558e-05
stock,2,0.000148720999405116
stone,1,7.4360499702558e-05
stored,1,7.4360499702558e-05
straight,7,0.000520523497917906
straightforward,1,7.4360499702558e-05
strange,5,0.00037180249851279
strangeness,1,7.4360499702558e-05
stranger,1,7.4360499702558e-05
strangest,1,7.4360499702558e-05
strenuously,2,0.000148720999405116
strict,4,0.000297441998810232
strictly,7,0.000520523497917906
strife,2,0.000148720999405116
strike,1,7.4360499702558e-05
strikes,1,7.4360499702558e-05
striking,1,7.4360499702558e-05
strives,1,7.4360499702558e-05
striving,1,7.4360499702558e-05
strong,4,0.000297441998810232
stronger,2,0.000148720999405116
struck,1,7.4360499702558e-05
structure,1,7.4360499702558e-05
struggling,1,7.4360499702558e-05
struldbugs,1,7.4360499702558e-05
student,2,0.000148720999405116
students,4,0.000297441998810232
studied,2,0.000148720999405116
studies,1,7.4360499702558e-05
study,12,0.000892325996430696
subject,26,0.001933372992266508
subjected,2,0.000148720999405116
subjective,3,0.000223081499107674
subjects,3,0.000223081499107674
sublime,1,7.4360499702558e-05
subscribe,1,7.4360499702558e-05
subsequent,1,7.4360499702558e-05
subsequently,1,7.4360499702558e-05
subsist,5,0.00037180249851279
subsists,2,0.000148720999405116
substance,2,0.000148720999405116
substantives,5,0.00037180249851279
subsumed,1,7.4360499702558e-05
subsumptions,1,7.4360499702558e-05
succeed,3,0.000223081499107674
success,1,7.4360499702558e-05
successful,3,0.000223081499107674
succession,2,0.000148720999405116
successively,1,7.4360499702558e-05
such-and-such,3,0.000223081499107674
suddenly,2,0.000148720999405116
suffering,1,7.4360499702558e-05
suffice,4,0.000297441998810232
sufficed,1,7.4360499702558e-05
suffices,2,0.000148720999405116
sufficient,5,0.00037180249851279
suggested,4,0.000297441998810232
suggestion,1,7.4360499702558e-05
suggestions,1,7.4360499702558e-05
suggests,2,0.000148720999405116
suitable,2,0.000148720999405116
sum,3,0.000223081499107674
sum-total,1,7.4360499702558e-05
sun,31,0.002305175490779298
sun's,1,7.4360499702558e-05
sunrise,3,0.000223081499107674
sunset,1,7.4360499702558e-05
supplied,1,7.4360499702558e-05
supplies,2,0.000148720999405116
supply,3,0.000223081499107674
support,8,0.000594883997620464
suppose,35,0.00260261748958953
supposed,22,0.001635930993456276
supposing,9,0.000669244497323022
supposition,4,0.000297441998810232
supra-sensible,1,7.4360499702558e-05
surface,2,0.000148720999405116
surprised,1,7.4360499702558e-05
surprising,3,0.000223081499107674
surrender,1,7.4360499702558e-05
surrounded,1,7.4360499702558e-05
survey,4,0.000297441998810232
surveys,1,7.4360499702558e-05
survive,1,7.4360499702558e-05
surviving,1,7.4360499702558e-05
suspect,2,0.000148720999405116
suspended,1,7.4360499702558e-05
swamp,1,7.4360499702558e-05
swans,4,0.000297441998810232
sweet,1,7.4360499702558e-05
swift,1,7.4360499702558e-05
synonymous,1,7.4360499702558e-05
synthesis,2,0.000148720999405116
synthetic,3,0.000223081499107674
system--similarly,1,7.4360499702558e-05
systematic,2,0.000148720999405116
systematize,1,7.4360499702558e-05
systems,2,0.000148720999405116
table,87,0.0064693634741225465
table--and,1,7.4360499702558e-05
table--are,1,7.4360499702558e-05
table--it,1,7.4360499702558e-05
table--its,1,7.4360499702558e-05
tablecloth,1,7.4360499702558e-05
tables,2,0.000148720999405116
tactile,1,7.4360499702558e-05
takes,2,0.000148720999405116
tap,1,7.4360499702558e-05
task,1,7.4360499702558e-05
taste,4,0.000297441998810232
tasting,1,7.4360499702558e-05
taught,1,7.4360499702558e-05
tautology,2,0.000148720999405116
tax,6,0.000446162998215348
taxes,1,7.4360499702558e-05
teaching,2,0.000148720999405116
telegram,1,7.4360499702558e-05
tells,8,0.000594883997620464
temper,1,7.4360499702558e-05
temperaments,1,7.4360499702558e-05
tempted,1,7.4360499702558e-05
tend,2,0.000148720999405116
tendency,2,0.000148720999405116
tending,1,7.4360499702558e-05
tenet,1,7.4360499702558e-05
term,1,7.4360499702558e-05
terms,55,0.00408982748364069
testimony,5,0.00037180249851279
texts,1,7.4360499702558e-05
texture,1,7.4360499702558e-05
the-letters,1,7.4360499702558e-05
theoretical,1,7.4360499702558e-05
theoretically,5,0.00037180249851279
theories,3,0.000223081499107674
theory,22,0.001635930993456276
theses,1,7.4360499702558e-05
thesis,1,7.4360499702558e-05
thing's,3,0.000223081499107674
thinking,11,0.000817965496728138
this--that,1,7.4360499702558e-05
thraldom,1,7.4360499702558e-05
throw,1,7.4360499702558e-05
throws,1,7.4360499702558e-05
thunder,3,0.000223081499107674
thwarting,1,7.4360499702558e-05
time,60,0.00446162998215348
time-order,6,0.000446162998215348
time-relations,1,7.4360499702558e-05
timeless,1,7.4360499702558e-05
times,11,0.000817965496728138
tincture,1,7.4360499702558e-05
title,1,7.4360499702558e-05
to-day,4,0.000297441998810232
to-morrow,11,0.000817965496728138
told,3,0.000223081499107674
tolerably,1,7.4360499702558e-05
tongue,1,7.4360499702558e-05
toothache,1,7.4360499702558e-05
topics,1,7.4360499702558e-05
total,1,7.4360499702558e-05
touch,14,0.001041046995835812
touch--leaves,1,7.4360499702558e-05
touched,2,0.000148720999405116
touches,1,7.4360499702558e-05
touching,3,0.000223081499107674
trademark,13,0.000966686496133254
trademark/copyright,1,7.4360499702558e-05
tradition,2,0.000148720999405116
traditional,1,7.4360499702558e-05
trains,1,7.4360499702558e-05
trammels,1,7.4360499702558e-05
transcribe,1,7.4360499702558e-05
transcription,1,7.4360499702558e-05
transfer,1,7.4360499702558e-05
transform,1,7.4360499702558e-05
transitory,1,7.4360499702558e-05
travel,3,0.000223081499107674
travelled,2,0.000148720999405116
travels,1,7.4360499702558e-05
treated,1,7.4360499702558e-05
treating,1,7.4360499702558e-05
treatment,1,7.4360499702558e-05
tree,22,0.001635930993456276
triangle,7,0.000520523497917906
triangles,5,0.00037180249851279
triangularity,2,0.000148720999405116
trifling,1,7.4360499702558e-05
trivial,4,0.000297441998810232
trotting,1,7.4360499702558e-05
trouble,1,7.4360499702558e-05
troubled,1,7.4360499702558e-05
troubles,1,7.4360499702558e-05
true,136,0.010113027959547887
truism,4,0.000297441998810232
trust,2,0.000148720999405116
trusted,1,7.4360499702558e-05
trustworthiness,5,0.00037180249851279
trustworthy,2,0.000148720999405116
truth,90,0.00669244497323022
truths,52,0.003866745984533016
tuning,1,7.4360499702558e-05
twos,2,0.000148720999405116
type,1,7.4360499702558e-05
types,1,7.4360499702558e-05
typical,2,0.000148720999405116
tyranny,1,7.4360499702558e-05
u.s,7,0.000520523497917906
ultimate,7,0.000520523497917906
ultimately,5,0.00037180249851279
unable,3,0.000223081499107674
unaccustomed,1,7.4360499702558e-05
unaffected,1,7.4360499702558e-05
unalloyed,2,0.000148720999405116
unattainable,1,7.4360499702558e-05
uncertain,1,7.4360499702558e-05
uncertainty,3,0.000223081499107674
unchangeable,2,0.000148720999405116
unchanged,1,7.4360499702558e-05
unchanging,1,7.4360499702558e-05
uncomfortable,1,7.4360499702558e-05
uncommon,1,7.4360499702558e-05
unconscious,1,7.4360499702558e-05
unconsciously,2,0.000148720999405116
undeniable,1,7.4360499702558e-05
undeniably,1,7.4360499702558e-05
underlie,1,7.4360499702558e-05
underlies,1,7.4360499702558e-05
underlying,2,0.000148720999405116
understand,21,0.001561570493753718
understand--in,1,7.4360499702558e-05
understanding,1,7.4360499702558e-05
understood,6,0.000446162998215348
undertake,1,7.4360499702558e-05
undiminished,1,7.4360499702558e-05
undoubtedly,4,0.000297441998810232
undue,1,7.4360499702558e-05
unduly,3,0.000223081499107674
uneducated,1,7.4360499702558e-05
unenforceability,1,7.4360499702558e-05
unexamined,2,0.000148720999405116
unexpectedly,1,7.4360499702558e-05
unexperienced,1,7.4360499702558e-05
unfamiliar,2,0.000148720999405116
unhesitatingly,2,0.000148720999405116
uniform,2,0.000148720999405116
uniformities,3,0.000223081499107674
uniformity,4,0.000297441998810232
unimportant,1,7.4360499702558e-05
union,6,0.000446162998215348
unionist,4,0.000297441998810232
united,18,0.001338488994646044
unites,1,7.4360499702558e-05
uniting,1,7.4360499702558e-05
unity,12,0.000892325996430696
universal,31,0.002305175490779298
universality,2,0.000148720999405116
universals,61,0.004535990481856038
universe,31,0.002305175490779298
university,1,7.4360499702558e-05
unknowable,3,0.000223081499107674
unknown,3,0.000223081499107674
unlearn,1,7.4360499702558e-05
unlink,1,7.4360499702558e-05
unnecessary,2,0.000148720999405116
unnecessary.(1,1,7.4360499702558e-05
unplausible,1,7.4360499702558e-05
unprotected,1,7.4360499702558e-05
unpublished,1,7.4360499702558e-05
unreal,2,0.000148720999405116
unreality,2,0.000148720999405116
unreasonable,2,0.000148720999405116
unreflectingly,1,7.4360499702558e-05
unreflective,1,7.4360499702558e-05
unsafe,1,7.4360499702558e-05
unsolicited,1,7.4360499702558e-05
unsolved,1,7.4360499702558e-05
unsound,1,7.4360499702558e-05
unsupported,1,7.4360499702558e-05
unsuspected,1,7.4360499702558e-05
untrue,3,0.000223081499107674
unusual,1,7.4360499702558e-05
unwarrantable,1,7.4360499702558e-05
unwise,1,7.4360499702558e-05
updated,2,0.000148720999405116
upset,1,7.4360499702558e-05
upstairs,1,7.4360499702558e-05
urged,3,0.000223081499107674
urges,1,7.4360499702558e-05
usage,1,7.4360499702558e-05
useless,3,0.000223081499107674
user,3,0.000223081499107674
usual,3,0.000223081499107674
ut,1,7.4360499702558e-05
utility,3,0.000223081499107674
utter,2,0.000148720999405116
uttering,2,0.000148720999405116
utterly,2,0.000148720999405116
vague,4,0.000297441998810232
vagueness,1,7.4360499702558e-05
vaguer,1,7.4360499702558e-05
vain,1,7.4360499702558e-05
valid,10,0.00074360499702558
validity,7,0.000520523497917906
validly,4,0.000297441998810232
valleys,1,7.4360499702558e-05
valuable,4,0.000297441998810232
value--perhaps,1,7.4360499702558e-05
value--through,1,7.4360499702558e-05
vanilla,2,0.000148720999405116
variable,1,7.4360499702558e-05
variations,1,7.4360499702558e-05
variety,1,7.4360499702558e-05
variously,1,7.4360499702558e-05
vary,2,0.000148720999405116
varying,1,7.4360499702558e-05
vast,1,7.4360499702558e-05
veil,1,7.4360499702558e-05
verbs,7,0.000520523497917906
verification,1,7.4360499702558e-05
version,1,7.4360499702558e-05
view,51,0.003792385484830458
view--which,1,7.4360499702558e-05
viewed,2,0.000148720999405116
viewing,1,7.4360499702558e-05
views,5,0.00037180249851279
vii,2,0.000148720999405116
viii,1,7.4360499702558e-05
vindicate,1,7.4360499702558e-05
violates,1,7.4360499702558e-05
violent,1,7.4360499702558e-05
virtue,5,0.00037180249851279
virtuous,1,7.4360499702558e-05
virus,1,7.4360499702558e-05
visit,2,0.000148720999405116
visual,2,0.000148720999405116
vital,2,0.000148720999405116
vitally,2,0.000148720999405116
vivid,2,0.000148720999405116
vividness,2,0.000148720999405116
voice,1,7.4360499702558e-05
voices,1,7.4360499702558e-05
void,1,7.4360499702558e-05
volume,1,7.4360499702558e-05
volunteer,1,7.4360499702558e-05
volunteers,5,0.00037180249851279
votes,3,0.000223081499107674
voyage,1,7.4360499702558e-05
waking,5,0.00037180249851279
walk,1,7.4360499702558e-05
walks,1,7.4360499702558e-05
walled,1,7.4360499702558e-05
walls,1,7.4360499702558e-05
war,2,0.000148720999405116
warranties,3,0.000223081499107674
warrants,1,7.4360499702558e-05
warranty,2,0.000148720999405116
waste,1,7.4360499702558e-05
waterloo,1,7.4360499702558e-05
wave-motion,6,0.000446162998215348
wave-motions,4,0.000297441998810232
waves,5,0.00037180249851279
wear,1,7.4360499702558e-05
wearing,1,7.4360499702558e-05
weather,1,7.4360499702558e-05
weight,1,7.4360499702558e-05
west,2,0.000148720999405116
whatsoever,2,0.000148720999405116
white,16,0.001189767995240928
whitehead,1,7.4360499702558e-05
whiteness,19,0.001412849494348602
wholly,17,0.001264128494943486
wide,3,0.000223081499107674
wider,2,0.000148720999405116
widespread,2,0.000148720999405116
widest,4,0.000297441998810232
window,1,7.4360499702558e-05
wisdom,2,0.000148720999405116
wise,1,7.4360499702558e-05
wishes,5,0.00037180249851279
wissen,1,7.4360499702558e-05
with--in,1,7.4360499702558e-05
wonderful,1,7.4360499702558e-05
wooden,1,7.4360499702558e-05
word,38,0.002825698988697204
wore,1,7.4360499702558e-05
worlds,4,0.000297441998810232
worst,1,7.4360499702558e-05
worth,5,0.00037180249851279
worthy,2,0.000148720999405116
wrings,1,7.4360499702558e-05
writers,1,7.4360499702558e-05
writing,5,0.00037180249851279
writings,2,0.000148720999405116
written,3,0.000223081499107674
wrong,6,0.000446162998215348
wrongly,3,0.000223081499107674
wrung,2,0.000148720999405116
www.gutenberg.org,5,0.00037180249851279
www.gutenberg.org/contact,1,7.4360499702558e-05
www.gutenberg.org/donate,2,0.000148720999405116
www.gutenberg.org/license,1,7.4360499702558e-05
xi,2,0.000148720999405116
xii,1,7.4360499702558e-05
xiii,1,7.4360499702558e-05
xiv,1,7.4360499702558e-05
xv,1,7.4360499702558e-05
yesterday,4,0.000297441998810232
yield,1,7.4360499702558e-05
york,1,7.4360499702558e-05
‘as-is’,1,7.4360499702558e-05
"“defects,”",1,7.4360499702558e-05
“information,1,7.4360499702558e-05
“plain,2,0.000148720999405116
“project,5,0.00037180249851279
“right,1,7.4360499702558e-05
“the,1,7.4360499702558e-05
•,4,0.000297441998810232
﻿the,1,7.4360499702558e-05
